32392261.242487 4865975.112621 241.470001 0.100000
32392260.881499 4865952.890240 240.869995 0.100000
32392260.701006 4865941.779050 240.169998 0.100000
32392260.340021 4865919.556670 239.973007 0.100000
32392260.159529 4865908.445481 241.940994 0.100000
32392259.798545 4865886.223102 248.095993 0.100000
32392259.618054 4865875.111913 256.924988 0.100000
32392259.437563 4865864.000724 259.316010 0.100000
32392259.076583 4865841.778346 260.936005 0.100000
32392258.896093 4865830.667158 264.994995 0.100000
32392258.535114 4865808.444782 273.378998 0.100000
32392258.354625 4865797.333594 273.678986 0.100000
32392257.993649 4865775.111219 273.773010 0.100000
32392257.813161 4865764.000032 275.845001 0.100000
32392257.452186 4865741.777658 290.230011 0.100000
32392257.271699 4865730.666471 296.359009 0.100000
32392257.091213 4865719.555284 295.140015 0.100000
32392256.730240 4865697.332912 295.364990 0.100000
32392256.549755 4865686.221726 295.709015 0.100000
32392256.188785 4865663.999355 296.251007 0.100000
32392256.008300 4865652.888169 296.130005 0.100000
32392255.647332 4865630.665799 299.803009 0.100000
32392255.466848 4865619.554614 302.028992 0.100000
32392255.286365 4865608.443429 305.230011 0.100000
32392254.925400 4865586.221060 306.437988 0.100000
32392254.744917 4865575.109876 307.196991 0.100000
32392293.367580 4865974.590848 241.095001 0.100000
32392293.006700 4865952.368467 240.223007 0.100000
32392292.826261 4865941.257277 239.886002 0.100000
32392292.465383 4865919.034897 241.850006 0.100000
32392292.284945 4865907.923708 241.979996 0.100000
32392291.924069 4865885.701329 259.031006 0.100000
32392291.743632 4865874.590140 258.998993 0.100000
32392291.563195 4865863.478951 259.312988 0.100000
32392291.202322 4865841.256574 270.290985 0.100000
32392291.021886 4865830.145386 273.533997 0.100000
32392290.661015 4865807.923010 273.851013 0.100000
32392290.480580 4865796.811822 274.002991 0.100000
32392290.119711 4865774.589447 280.846985 0.100000
32392289.939277 4865763.478260 287.514008 0.100000
32392289.578410 4865741.255886 296.964996 0.100000
32392289.397977 4865730.144699 296.977997 0.100000
32392289.217544 4865719.033513 297.036011 0.100000
32392288.856679 4865696.811141 297.192993 0.100000
32392288.676248 4865685.699955 297.950989 0.100000
32392288.315385 4865663.477583 305.812988 0.100000
32392288.134954 4865652.366398 310.449005 0.100000
32392287.774094 4865630.144028 317.972992 0.100000
32392287.593664 4865619.032843 318.010010 0.100000
32392287.413235 4865607.921658 318.041992 0.100000
32392287.052377 4865585.699290 317.963989 0.100000
32392286.871949 4865574.588106 317.752014 0.100000
32392325.492672 4865974.069231 240.856995 0.100000
32392325.131901 4865951.846850 240.149002 0.100000
32392324.951515 4865940.735660 239.774002 0.100000
32392324.590745 4865918.513280 241.884995 0.100000
32392324.410361 4865907.402091 247.014008 0.100000
32392324.049593 4865885.179712 258.737000 0.100000
32392323.869209 4865874.068523 259.035004 0.100000
32392323.688826 4865862.957335 260.651001 0.100000
32392323.328061 4865840.734958 273.727997 0.100000
32392323.147678 4865829.623769 273.296997 0.100000
32392322.786915 4865807.401393 274.816986 0.100000
32392322.606534 4865796.290206 279.665009 0.100000
32392322.245773 4865774.067831 294.010010 0.100000
32392322.065392 4865762.956644 297.441010 0.100000
32392321.704633 4865740.734270 298.424011 0.100000
32392321.524254 4865729.623083 298.773010 0.100000
32392321.343875 4865718.511897 298.796997 0.100000
32392320.983118 4865696.289525 303.207001 0.100000
32392320.802740 4865685.178339 310.022003 0.100000
32392320.441985 4865662.955968 318.063995 0.100000
32392320.261609 4865651.844783 318.022003 0.100000
32392319.900856 4865629.622413 317.813995 0.100000
32392319.720480 4865618.511228 318.816986 0.100000
32392319.540104 4865607.400043 317.993011 0.100000
32392319.179354 4865585.177675 323.812012 0.100000
32392318.998980 4865574.066491 325.153992 0.100000
32392357.617765 4865973.547769 241.117004 0.100000
32392357.257101 4865951.325388 239.787003 0.100000
32392357.076769 4865940.214198 239.684006 0.100000
32392356.716107 4865917.991819 244.580994 0.100000
32392356.535776 4865906.880629 253.460999 0.100000
32392356.175116 4865884.658251 258.731995 0.100000
32392355.994786 4865873.547062 259.074005 0.100000
32392355.814457 4865862.435873 260.541992 0.100000
32392355.453799 4865840.213497 273.614990 0.100000
32392355.273471 4865829.102308 273.690002 0.100000
32392354.912815 4865806.879933 276.638000 0.100000
32392354.732488 4865795.768745 284.140991 0.100800
32392354.371834 4865773.546370 298.398987 0.103000
32392354.191508 4865762.435183 298.523010 0.101100
32392353.830856 4865740.212810 298.958008 0.100700
32392353.650531 4865729.101623 300.407989 0.101100
32392353.470206 4865717.990437 307.933014 0.101300
32392353.109557 4865695.768065 318.088013 0.101500
32392352.929233 4865684.656879 317.880005 0.101800
32392352.568586 4865662.434508 317.652008 0.102400
32392352.388262 4865651.323323 318.595001 0.109100
32392352.027617 4865629.100953 325.250000 0.142800
32392351.847295 4865617.989768 329.813995 0.121000
32392351.666974 4865606.878584 336.272003 0.100100
32392351.306331 4865584.656215 336.240997 0.100000
32392351.126010 4865573.545031 336.334991 0.100000
32392389.742857 4865973.026463 239.649002 0.100000
32392389.382301 4865950.804082 239.572006 0.100000
32392389.202023 4865939.692892 240.966003 0.100000
32392388.841469 4865917.470513 249.266998 0.101100
32392388.661192 4865906.359324 257.372986 0.112000
32392388.300639 4865884.136945 258.694000 0.110100
32392388.120363 4865873.025757 259.682007 0.104200
32392387.940088 4865861.914568 264.862000 0.105100
32392387.579538 4865839.692191 274.196014 0.106200
32392387.399263 4865828.581003 274.553009 0.107700
32392387.038715 4865806.358627 282.915009 0.109400
32392386.858442 4865795.247440 290.942993 0.158600
32392386.497896 4865773.025065 298.274994 0.258100
32392386.317623 4865761.913878 298.829010 0.168300
32392385.957079 4865739.691505 307.195007 0.130000
32392385.776808 4865728.580319 314.497009 0.134200
32392385.596536 4865717.469132 317.407013 0.138900
32392385.235995 4865695.246760 317.669006 0.147300
32392385.055725 4865684.135575 317.955994 0.161000
32392384.695185 4865661.913204 323.020996 0.174600
32392384.514916 4865650.802019 328.875000 0.255300
32392384.154379 4865628.579649 336.104004 0.400700
32392383.974110 4865617.468464 336.076996 0.263800
32392383.793843 4865606.357280 336.088013 0.101100
32392383.433308 4865584.134912 336.006012 0.100000
32392383.253041 4865573.023728 335.925995 0.100000
32392421.867950 4865972.505312 239.550003 0.100000
32392421.507501 4865950.282932 239.459000 0.100000
32392421.327277 4865939.171742 241.367004 0.100000
32392420.966830 4865916.949363 252.054001 0.124600
32392420.786607 4865905.838174 258.053009 0.328700
32392420.426162 4865883.615796 258.071014 0.324200
32392420.245940 4865872.504607 260.015991 0.208800
32392420.065718 4865861.393418 266.838013 0.184700
32392419.705276 4865839.171042 275.222992 0.191200
32392419.525055 4865828.059854 275.084015 0.195400
32392419.164615 4865805.837478 286.510986 0.190300
32392418.984395 4865794.726291 293.958008 0.269100
32392418.623957 4865772.503916 297.992004 0.397400
32392418.443738 4865761.392729 299.819000 0.357600
32392418.083302 4865739.170356 314.372009 0.228300
32392417.903084 4865728.059170 316.846008 0.233400
32392417.722867 4865716.947983 317.001007 0.248500
32392417.362433 4865694.725612 318.444000 0.256400
32392417.182217 4865683.614426 322.364014 0.253700
32392416.821785 4865661.392055 336.954987 0.264800
32392416.641570 4865650.280870 336.475006 0.400400
32392416.281140 4865628.058501 335.997986 0.468900
32392416.100925 4865616.947316 335.850006 0.250400
32392415.920711 4865605.836132 335.764008 0.100600
32392415.560284 4865583.613764 335.990997 0.100000
32392415.380071 4865572.502580 336.104004 0.100000
32392453.993042 4865971.984317 239.632996 0.100000
32392453.632700 4865949.761937 239.630005 0.100000
32392453.452530 4865938.650747 241.703003 0.100000
32392453.092191 4865916.428368 251.595993 0.122100
32392452.912022 4865905.317179 256.634003 0.362500
32392452.551685 4865883.094801 258.167999 0.473700
32392452.371517 4865871.983613 261.687988 0.406500
32392452.191349 4865860.872424 268.524994 0.290000
32392451.831014 4865838.650048 275.433014 0.264000
32392451.650847 4865827.538860 275.553986 0.253100
32392451.290515 4865805.316484 289.412994 0.251600
32392451.110349 4865794.205297 298.557007 0.278400
32392450.750018 4865771.982923 297.958008 0.425500
32392450.569853 4865760.871736 299.806000 0.431000
32392450.209525 4865738.649363 314.031006 0.334200
32392450.029361 4865727.538176 316.903015 0.270400
32392449.849197 4865716.426990 316.868988 0.253800
32392449.488871 4865694.204619 317.901001 0.248700
32392449.308709 4865683.093433 322.937012 0.239000
32392448.948384 4865660.871062 337.178986 0.276100
32392448.768223 4865649.759877 336.308990 0.438100
32392448.407901 4865627.537508 336.139008 0.363600
32392448.227740 4865616.426324 335.860992 0.135900
32392448.047580 4865605.315139 336.000000 0.101400
32392447.687261 4865583.092771 336.046997 0.100000
32392447.507101 4865571.981588 336.260010 0.100000
32392478.086861 4865971.593673 239.755997 0.100000
32392477.726600 4865949.371293 239.806000 0.100000
32392477.546470 4865938.260104 242.123001 0.100000
32392477.186212 4865916.037725 252.350998 0.100600
32392477.006083 4865904.926536 255.233994 0.140500
32392476.645827 4865882.704158 259.938995 0.308900
32392476.465699 4865871.592969 259.759003 0.419500
32392476.285571 4865860.481781 265.207001 0.357400
32392475.925317 4865838.259404 275.850006 0.314000
32392475.745191 4865827.148216 276.002014 0.260600
32392475.384939 4865804.925841 287.467011 0.249800
32392475.204814 4865793.814654 296.251007 0.268600
32392474.844564 4865771.592280 297.718994 0.340500
32392474.664439 4865760.481093 298.165985 0.357100
32392474.304191 4865738.258720 311.747009 0.408100
32392474.124068 4865727.147534 317.441986 0.410900
32392473.943945 4865716.036347 317.023987 0.309200
32392473.583699 4865693.813976 318.316010 0.275100
32392473.403577 4865682.702790 320.941010 0.274900
32392473.043334 4865660.480420 337.666992 0.399800
32392472.863213 4865649.369235 336.641998 0.435100
32392472.502971 4865627.146866 336.101013 0.242000
32392472.322851 4865616.035681 336.023010 0.114300
32392472.142731 4865604.924497 336.170013 0.103100
32392471.782493 4865582.702129 336.678986 0.100000
32392471.602374 4865571.590946 336.640015 0.100000
32392510.211952 4865971.072951 240.292999 0.100000
32392509.851799 4865948.850571 240.095001 0.100000
32392509.671723 4865937.739381 241.904007 0.100000
32392509.311573 4865915.517003 252.600998 0.100000
32392509.131498 4865904.405814 253.128006 0.102900
32392508.771349 4865882.183436 260.187012 0.126600
32392508.591275 4865871.072247 259.975006 0.236200
32392508.411201 4865859.961059 266.093994 0.394300
32392508.051055 4865837.738683 276.096008 0.488300
32392507.870983 4865826.627495 276.226013 0.397900
32392507.510838 4865804.405120 285.378998 0.288000
32392507.330767 4865793.293932 293.627014 0.291000
32392506.970624 4865771.071558 298.506012 0.374400
32392506.790554 4865759.960372 298.721008 0.288400
32392506.430414 4865737.737999 308.998993 0.371500
32392506.250344 4865726.626813 317.195007 0.439500
32392506.070275 4865715.515627 318.627014 0.338300
32392505.710137 4865693.293255 319.510010 0.247000
32392505.530069 4865682.182070 323.881989 0.270600
32392505.169933 4865659.959700 338.334015 0.457300
32392504.989866 4865648.848515 336.794006 0.424400
32392504.629732 4865626.626145 336.450989 0.130200
32392504.449666 4865615.514961 336.471008 0.111600
32392504.269600 4865604.403777 336.701996 0.104900
32392503.909469 4865582.181409 336.515015 0.100100
32392503.729404 4865571.070226 336.653992 0.100000
32392542.337044 4865970.552384 240.936005 0.100000
32392541.976998 4865948.330004 240.791000 0.100000
32392541.796976 4865937.218815 242.796997 0.100000
32392541.436933 4865914.996436 252.078995 0.100000
32392541.256912 4865903.885247 251.442993 0.100500
32392540.896871 4865881.662870 260.417999 0.110400
32392540.716851 4865870.551681 259.901001 0.117800
32392540.536831 4865859.440493 266.497986 0.167300
32392540.176793 4865837.218117 276.330994 0.349500
32392539.996774 4865826.106929 276.399994 0.454600
32392539.636737 4865803.884554 286.015015 0.377400
32392539.456720 4865792.773367 294.760010 0.317300
32392539.096685 4865770.550993 298.579010 0.312000
32392538.916668 4865759.439806 298.755005 0.266100
32392538.556636 4865737.217434 309.403992 0.331000
32392538.376620 4865726.106247 317.822998 0.379800
32392538.196604 4865714.995062 320.404999 0.422200
32392537.836574 4865692.772690 320.036987 0.359800
32392537.656560 4865681.661505 322.761993 0.400200
32392537.296532 4865659.439135 337.670990 0.455800
32392537.116518 4865648.327950 336.346985 0.267000
32392536.756492 4865626.105581 336.196991 0.111800
32392536.576480 4865614.994397 336.420990 0.110300
32392536.396468 4865603.883213 336.377991 0.106500
32392536.036444 4865581.660845 336.203003 0.100700
32392535.856433 4865570.549662 336.367004 0.100000
32392574.462135 4865970.031973 241.774002 0.100000
32392574.102197 4865947.809593 241.505005 0.100000
32392573.922229 4865936.698404 243.367004 0.100000
32392573.562294 4865914.476025 249.513000 0.100000
32392573.382326 4865903.364836 249.460999 0.100000
32392573.022393 4865881.142459 261.088989 0.104800
32392572.842427 4865870.031271 260.045990 0.116000
32392572.662461 4865858.920082 263.652008 0.109800
32392572.302530 4865836.697706 277.148010 0.140800
32392572.122565 4865825.586519 277.330994 0.310800
32392571.762636 4865803.364144 285.114014 0.435500
32392571.582672 4865792.252957 293.403015 0.417100
32392571.222745 4865770.030583 299.088013 0.372100
32392571.042782 4865758.919397 299.302002 0.334100
32392570.682857 4865736.697024 308.183014 0.300700
32392570.502895 4865725.585838 316.785004 0.289000
32392570.322934 4865714.474652 320.188995 0.346300
32392569.963012 4865692.252281 319.980011 0.390600
32392569.783051 4865681.141096 322.480988 0.480800
32392569.423131 4865658.918726 338.058014 0.483600
32392569.243171 4865647.807541 336.502991 0.203100
32392568.883253 4865625.585172 336.769989 0.113700
32392568.703294 4865614.473988 336.665985 0.109500
32392568.523336 4865603.362804 336.424011 0.107100
32392568.163420 4865581.140436 336.355988 0.101300
32392567.983462 4865570.029253 336.683990 0.100000
32392606.587226 4865969.511718 242.757004 0.100000
32392606.227396 4865947.289338 242.473999 0.100000
32392606.047482 4865936.178149 244.533997 0.100000
32392605.687654 4865913.955770 247.781006 0.100000
32392605.507740 4865902.844581 247.731003 0.100000
32392605.147915 4865880.622204 259.536011 0.101600
32392604.968002 4865869.511016 260.414001 0.112300
32392604.788090 4865858.399828 262.912994 0.114000
32392604.428267 4865836.177452 278.045990 0.108600
32392604.248356 4865825.066264 277.868011 0.129700
32392603.888535 4865802.843890 282.729004 0.264000
32392603.708625 4865791.732703 291.742004 0.422400
32392603.348805 4865769.510329 299.548004 0.521400
32392603.168896 4865758.399142 299.881012 0.381100
32392602.809079 4865736.176770 306.100006 0.307900
32392602.629171 4865725.065584 314.395996 0.293600
32392602.449263 4865713.954398 321.437988 0.321900
32392602.089448 4865691.732027 320.300995 0.437500
32392601.909542 4865680.620842 325.062988 0.463900
32392601.549729 4865658.398472 337.579987 0.396800
32392601.369823 4865647.287288 335.721008 0.165600
32392601.010013 4865625.064919 335.824005 0.116400
32392600.830108 4865613.953735 336.216003 0.110500
32392600.650203 4865602.842551 336.617004 0.107100
32392600.290395 4865580.620183 336.282989 0.101400
32392600.110492 4865569.509000 336.782989 0.100000
32392638.712317 4865968.991618 243.994003 0.100000
32392638.352594 4865946.769239 243.955994 0.100000
32392638.172734 4865935.658049 245.276001 0.100000
32392637.813014 4865913.435671 246.173996 0.100000
32392637.633154 4865902.324482 245.960007 0.100000
32392637.273436 4865880.102105 257.830994 0.100300
32392637.093578 4865868.990917 260.614990 0.106200
32392636.913719 4865857.879729 262.265015 0.117100
32392636.554004 4865835.657353 278.824005 0.111600
32392636.374147 4865824.546165 278.128998 0.108500
32392636.014433 4865802.323791 281.967987 0.132800
32392635.834577 4865791.212604 291.170013 0.329500
32392635.474865 4865768.990230 299.928009 0.512800
32392635.295010 4865757.879044 300.048004 0.330700
32392634.935300 4865735.656672 306.127991 0.253800
32392634.755446 4865724.545486 314.529999 0.306400
32392634.575592 4865713.434300 321.968994 0.399000
32392634.215885 4865691.211929 320.933014 0.523100
32392634.036032 4865680.100744 326.489990 0.453900
32392633.676327 4865657.878374 335.204987 0.289800
32392633.496475 4865646.767190 334.825989 0.193200
32392633.136772 4865624.544821 334.440002 0.135200
32392632.956921 4865613.433637 336.420013 0.114100
32392632.777071 4865602.322453 336.750000 0.107400
32392632.417370 4865580.100086 336.263000 0.101300
32392632.237521 4865568.988903 336.998993 0.100000
32392670.837407 4865968.471674 245.550003 0.100000
32392670.477793 4865946.249295 245.507996 0.100000
32392670.297986 4865935.138105 245.565002 0.100000
32392669.938374 4865912.915727 247.035995 0.100000
32392669.758568 4865901.804538 245.009995 0.100000
32392669.398957 4865879.582161 255.727997 0.100000
32392669.219153 4865868.470973 260.619995 0.102000
32392669.039348 4865857.359785 261.157013 0.114300
32392668.679741 4865835.137410 276.979004 0.118000
32392668.499937 4865824.026222 278.355011 0.112600
32392668.140331 4865801.803848 284.381989 0.135100
32392667.960529 4865790.692661 292.787994 0.307700
32392667.600925 4865768.470288 300.295990 0.503900
32392667.421124 4865757.359101 300.484985 0.415800
32392667.061522 4865735.136729 305.587006 0.313900
32392666.881721 4865724.025543 313.645996 0.308900
32392666.701921 4865712.914358 322.583008 0.422500
32392666.342322 4865690.691987 321.242004 0.518400
32392666.162523 4865679.580802 321.302002 0.397900
32392665.802925 4865657.358432 333.997986 0.342000
32392665.623127 4865646.247248 333.438995 0.332400
32392665.263532 4865624.024879 333.294006 0.252500
32392665.083735 4865612.913695 337.427002 0.143000
32392664.903938 4865601.802512 336.658997 0.111700
32392664.544345 4865579.580145 336.217011 0.101300
32392664.364549 4865568.468961 336.553009 0.100000
32392702.962498 4865967.951885 247.615997 0.100000
32392702.602991 4865945.729506 246.024994 0.100000
32392702.423238 4865934.618317 245.945007 0.100000
32392702.063733 4865912.395939 245.738998 0.100000
32392701.883981 4865901.284750 246.332001 0.100000
32392701.524479 4865879.062374 257.851990 0.100000
32392701.344728 4865867.951185 259.438995 0.100400
32392701.164977 4865856.839997 261.536987 0.109700
32392700.805477 4865834.617622 278.154999 0.139100
32392700.625727 4865823.506435 278.252014 0.191200
32392700.266229 4865801.284060 283.085999 0.262000
32392700.086481 4865790.172874 291.973999 0.339100
32392699.726984 4865767.950500 300.554993 0.509300
32392699.547237 4865756.839314 300.519012 0.417500
32392699.187743 4865734.616942 311.661011 0.376600
32392699.007996 4865723.505756 321.196991 0.299200
32392698.828250 4865712.394571 321.903015 0.438000
32392698.468758 4865690.172200 323.178986 0.494000
32392698.289013 4865679.061015 321.292999 0.243200
32392697.929523 4865656.838646 332.527008 0.258600
32392697.749779 4865645.727461 332.204987 0.351800
32392697.390291 4865623.505093 331.958008 0.350600
32392697.210548 4865612.393909 333.881989 0.306900
32392697.030805 4865601.282725 336.825012 0.200200
32392696.671320 4865579.060359 336.237000 0.106200
32392696.491578 4865567.949175 336.212006 0.100000
32392735.087588 4865967.432253 245.475006 0.100000
32392734.728189 4865945.209874 245.751999 0.100000
32392734.548490 4865934.098684 245.908997 0.100000
32392734.189093 4865911.876307 245.934006 0.100000
32392734.009395 4865900.765118 247.432007 0.100000
32392733.649999 4865878.542741 258.733002 0.100000
32392733.470302 4865867.431553 258.501007 0.101100
32392733.290606 4865856.320365 263.720001 0.133500
32392732.931213 4865834.097990 277.976013 0.318600
32392732.751518 4865822.986803 277.868988 0.349600
32392732.392127 4865800.764429 284.533997 0.319700
32392732.212432 4865789.653242 293.308990 0.362300
32392731.853044 4865767.430869 301.147003 0.418500
32392731.673350 4865756.319683 301.100006 0.322500
32392731.313963 4865734.097311 313.454987 0.311500
32392731.134271 4865722.986125 322.006012 0.384800
32392730.954578 4865711.874940 321.886993 0.495100
32392730.595194 4865689.652569 322.251007 0.479300
32392730.415503 4865678.541384 321.960999 0.211300
32392730.056121 4865656.319015 331.800995 0.209900
32392729.876430 4865645.207831 330.779999 0.255300
32392729.517050 4865622.985462 330.118011 0.323700
32392729.337361 4865611.874279 331.648987 0.402800
32392729.157672 4865600.763095 338.079987 0.324800
32392728.798294 4865578.540728 335.885010 0.123000
32392728.618606 4865567.429545 336.446991 0.100000
32392767.212678 4865966.912775 244.292007 0.100000
32392766.853386 4865944.690397 245.927002 0.100000
32392766.673741 4865933.579207 246.134003 0.100000
32392766.314452 4865911.356830 246.158005 0.100000
32392766.134808 4865900.245641 248.723999 0.100000
32392765.775520 4865878.023265 258.591003 0.100000
32392765.595877 4865866.912077 260.600006 0.101700
32392765.416234 4865855.800889 268.765015 0.139700
32392765.056949 4865833.578514 277.420013 0.308800
32392764.877307 4865822.467327 277.372986 0.334100
32392764.518025 4865800.244953 288.959991 0.270000
32392764.338384 4865789.133766 297.299011 0.332200
32392763.979103 4865766.911393 300.812012 0.447700
32392763.799463 4865755.800207 301.067993 0.326500
32392763.440184 4865733.577835 312.565002 0.289000
32392763.260545 4865722.466650 321.347992 0.358900
32392763.080906 4865711.355464 321.862000 0.489500
32392762.721630 4865689.133094 322.739014 0.474900
32392762.541993 4865678.021909 321.497986 0.234700
32392762.182718 4865655.799540 330.670990 0.259400
32392762.003082 4865644.688356 329.027008 0.281200
32392761.643809 4865622.465987 328.608002 0.284400
32392761.464174 4865611.354804 330.132996 0.248500
32392761.284538 4865600.243620 337.264008 0.189500
32392760.925269 4865578.021254 335.923004 0.107100
32392760.745634 4865566.910071 335.835999 0.100000
32392799.337767 4865966.393454 244.923996 0.100000
32392798.978584 4865944.171075 246.173004 0.100000
32392798.798992 4865933.059886 247.248001 0.100000
32392798.439811 4865910.837509 247.677002 0.100000
32392798.260220 4865899.726320 254.313004 0.100000
32392797.901041 4865877.503944 258.566986 0.100000
32392797.721451 4865866.392756 263.820007 0.100000
32392797.541862 4865855.281568 272.894989 0.102800
32392797.182685 4865833.059193 276.766998 0.121100
32392797.003097 4865821.948006 277.454987 0.148400
32392796.643922 4865799.725632 293.763000 0.167800
32392796.464335 4865788.614446 301.040009 0.336900
32392796.105162 4865766.392073 301.000000 0.458000
32392795.925576 4865755.280887 301.355988 0.329200
32392795.566404 4865733.058515 307.040985 0.256900
32392795.386819 4865721.947330 314.782989 0.278900
32392795.207235 4865710.836144 322.156006 0.489500
32392794.848066 4865688.613774 322.023987 0.462900
32392794.668482 4865677.502589 322.600006 0.276600
32392794.309316 4865655.280220 327.852997 0.242600
32392794.129733 4865644.169036 327.343994 0.228200
32392793.770568 4865621.946668 326.311005 0.153000
32392793.590986 4865610.835485 329.390991 0.111800
32392793.411405 4865599.724301 338.151001 0.101400
32392793.052243 4865577.501935 335.886993 0.100000
32392792.872662 4865566.390752 336.175995 0.100000
32392831.462857 4865965.874288 244.889008 0.100000
32392831.103781 4865943.651910 246.259003 0.100000
32392830.924244 4865932.540721 246.692993 0.100000
32392830.565170 4865910.318343 253.339996 0.100000
32392830.385633 4865899.207155 258.992004 0.100000
32392830.026561 4865876.984779 258.726990 0.100000
32392829.847025 4865865.873591 264.566986 0.100000
32392829.667490 4865854.762403 273.332001 0.100000
32392829.308421 4865832.540028 276.399994 0.100100
32392829.128887 4865821.428841 276.562012 0.109100
32392828.769819 4865799.206467 290.819000 0.126900
32392828.590286 4865788.095281 298.942993 0.294200
32392828.231220 4865765.872908 300.852997 0.418200
32392828.051688 4865754.761722 301.092987 0.252400
32392827.692625 4865732.539351 301.416992 0.194400
32392827.513093 4865721.428165 303.222992 0.349400
32392827.333562 4865710.316980 309.651001 0.445500
32392826.974501 4865688.094610 322.169006 0.457000
32392826.794971 4865676.983425 321.817993 0.396700
32392826.435913 4865654.761057 321.838013 0.203800
32392826.256384 4865643.649872 323.321991 0.145900
32392825.897327 4865621.427505 324.019012 0.111000
32392825.717799 4865610.316321 328.296997 0.102700
32392825.538271 4865599.205138 335.957001 0.100000
32392825.179217 4865576.982771 335.904999 0.100000
32392824.999690 4865565.871588 336.566010 0.100000
32392863.587946 4865965.355278 246.343002 0.100000
32392863.228978 4865943.132900 246.212997 0.100000
32392863.049494 4865932.021711 250.028000 0.100000
32392862.690528 4865909.799333 257.875000 0.100000
32392862.511045 4865898.688145 258.101013 0.100000
32392862.152081 4865876.465769 258.417999 0.100000
32392861.972599 4865865.354581 261.158997 0.100000
32392861.793118 4865854.243394 269.505005 0.100000
32392861.434156 4865832.021019 276.308990 0.100000
32392861.254676 4865820.909832 276.190002 0.102300
32392860.895716 4865798.687458 278.813995 0.116400
32392860.716237 4865787.576272 283.096008 0.201500
32392860.357279 4865765.353899 295.510986 0.375200
32392860.177800 4865754.242713 301.001007 0.249400
32392859.818845 4865732.020342 301.054993 0.321800
32392859.639367 4865720.909157 300.984985 0.396900
32392859.459890 4865709.797972 301.152008 0.270400
32392859.100937 4865687.575602 312.213013 0.345400
32392858.921461 4865676.464417 319.708008 0.447400
32392858.562509 4865654.242048 320.713989 0.321100
32392858.383034 4865643.130864 321.238007 0.137300
32392858.024085 4865620.908497 321.253998 0.106000
32392857.844611 4865609.797313 326.036011 0.100900
32392857.665137 4865598.686130 334.572998 0.100000
32392857.306190 4865576.463764 335.875000 0.100000
32392857.126718 4865565.352581 336.326996 0.100000
32392895.713036 4865964.836423 246.806000 0.100000
32392895.354175 4865942.614045 246.595001 0.100000
32392895.174745 4865931.502856 248.617004 0.100000
32392894.815886 4865909.280479 258.825012 0.100000
32392894.636458 4865898.169291 257.868011 0.100000
32392894.277601 4865875.946915 258.253998 0.100000
32392894.098173 4865864.835727 258.302002 0.100000
32392893.918746 4865853.724540 258.480011 0.100000
32392893.559891 4865831.502165 267.046997 0.100000
32392893.380465 4865820.390978 272.960999 0.100100
32392893.021613 4865798.168605 277.838989 0.109000
32392892.842187 4865787.057419 278.096985 0.161300
32392892.483337 4865764.835046 281.421997 0.354700
32392892.303912 4865753.723860 289.682007 0.343700
32392891.945064 4865731.501489 300.105011 0.383500
32392891.765641 4865720.390304 299.903015 0.270100
32392891.586217 4865709.279119 300.183990 0.146200
32392891.227372 4865687.056749 303.433990 0.176800
32392891.047950 4865675.945564 312.175995 0.436300
32392890.689106 4865653.723196 319.964996 0.442300
32392890.509685 4865642.612012 320.105988 0.203900
32392890.150843 4865620.389644 320.483002 0.102500
32392889.971423 4865609.278461 326.799988 0.100000
32392889.792003 4865598.167278 334.804993 0.100000
32392889.433164 4865575.944912 335.731995 0.100000
32392889.253745 4865564.833729 335.644989 0.100000
32392927.838125 4865964.317725 246.190002 0.100000
32392927.479372 4865942.095347 246.304001 0.100000
32392927.299996 4865930.984158 246.371002 0.100000
32392926.941245 4865908.761781 248.938004 0.100000
32392926.761870 4865897.650593 249.302994 0.100000
32392926.403121 4865875.428217 251.570999 0.100000
32392926.223747 4865864.317029 252.973999 0.100000
32392926.044373 4865853.205842 255.160004 0.100000
32392925.685626 4865830.983467 257.253998 0.100000
32392925.506254 4865819.872280 263.442993 0.100000
32392925.147509 4865797.649907 278.506012 0.102800
32392924.968138 4865786.538721 279.023987 0.145300
32392924.609395 4865764.316349 280.069000 0.371000
32392924.430024 4865753.205163 285.153992 0.441400
32392924.071284 4865730.982792 299.997986 0.311000
32392923.891914 4865719.871607 299.596008 0.178900
32392923.712545 4865708.760422 299.980011 0.159400
32392923.353807 4865686.538052 301.785004 0.157200
32392923.174438 4865675.426867 307.082001 0.279100
32392922.815702 4865653.204499 319.752991 0.414900
32392922.636335 4865642.093315 319.671997 0.243500
32392922.277601 4865619.870948 320.562988 0.100200
32392922.098235 4865608.759764 321.437988 0.100000
32392921.918868 4865597.648581 328.167999 0.100000
32392921.560137 4865575.426215 335.920013 0.100000
32392921.380772 4865564.315033 336.036011 0.100000
32392959.963213 4865963.799181 245.858002 0.100000
32392959.604568 4865941.576804 244.964005 0.100000
32392959.425246 4865930.465615 245.052994 0.100000
32392959.066603 4865908.243238 244.923996 0.100000
32392958.887281 4865897.132050 246.485992 0.100000
32392958.528640 4865874.909674 250.794006 0.100000
32392958.349320 4865863.798487 250.934998 0.100000
32392958.170000 4865852.687299 254.932999 0.100000
32392957.811361 4865830.464925 264.365997 0.100000
32392957.632042 4865819.353738 269.135986 0.100000
32392957.273406 4865797.131365 268.950012 0.100000
32392957.094088 4865786.020179 273.084015 0.156700
32392956.735453 4865763.797807 279.074005 0.454500
32392956.556136 4865752.686621 280.204987 0.445800
32392956.197503 4865730.464250 293.195007 0.198400
32392956.018187 4865719.353065 300.497009 0.132900
32392955.838872 4865708.241880 299.260986 0.124300
32392955.480241 4865686.019511 300.417999 0.118800
32392955.300927 4865674.908326 306.002991 0.123600
32392954.942299 4865652.685958 319.066010 0.173300
32392954.762985 4865641.574774 318.938995 0.124600
32392954.404359 4865619.352407 320.740997 0.100000
32392954.225046 4865608.241223 319.493988 0.100000
32392954.045734 4865597.130040 320.234985 0.100000
32392953.687110 4865574.907675 321.587006 0.100000
32392953.507799 4865563.796492 325.408997 0.100000
32392992.088302 4865963.280794 239.539993 0.100000
32392991.729764 4865941.058416 243.496002 0.100000
32392991.550496 4865929.947228 244.757996 0.100000
32392991.191960 4865907.724851 244.804993 0.100000
32392991.012693 4865896.613663 244.860001 0.100000
32392990.654159 4865874.391287 247.473999 0.100000
32392990.474893 4865863.280100 248.035995 0.100000
32392990.295627 4865852.168912 251.925003 0.100000
32392989.937096 4865829.946538 260.067993 0.100000
32392989.757831 4865818.835352 263.200989 0.100000
32392989.399302 4865796.612979 268.476013 0.100000
32392989.220038 4865785.501792 270.131012 0.145900
32392988.861511 4865763.279421 278.415985 0.370500
32392988.682248 4865752.168235 278.285004 0.298400
32392988.323722 4865729.945864 285.459015 0.119800
32392988.144460 4865718.834679 294.302002 0.103700
32392987.965199 4865707.723494 299.046997 0.100800
32392987.606676 4865685.501125 299.381989 0.100300
32392987.427415 4865674.389940 302.897003 0.100100
32392987.068895 4865652.167572 319.145996 0.100300
32392986.889635 4865641.056388 318.295990 0.100200
32392986.531116 4865618.834021 319.640991 0.100000
32392986.351857 4865607.722838 319.074005 0.100000
32392986.172599 4865596.611655 319.524994 0.100000
32392985.814083 4865574.389290 319.837006 0.100000
32392985.634826 4865563.278107 319.075012 0.100000
32393024.213390 4865962.762562 239.194000 0.100000
32393023.854960 4865940.540184 243.059998 0.100000
32393023.675746 4865929.428996 244.462006 0.100000
32393023.317318 4865907.206619 244.222000 0.100000
32393023.138104 4865896.095431 244.311005 0.100000
32393022.779678 4865873.873056 245.550995 0.100000
32393022.600466 4865862.761869 246.048996 0.100000
32393022.421254 4865851.650681 246.774994 0.100000
32393022.062830 4865829.428307 258.187012 0.100000
32393021.883619 4865818.317121 263.213013 0.100000
32393021.525198 4865796.094748 269.338013 0.100000
32393021.345987 4865784.983562 268.829010 0.104100
32393020.987568 4865762.761190 278.769012 0.132000
32393020.808359 4865751.650004 278.063995 0.115200
32393020.449941 4865729.427634 280.399994 0.100900
32393020.270733 4865718.316449 287.949005 0.100100
32393020.091525 4865707.205264 297.359985 0.100000
32393019.733110 4865684.982895 299.016998 0.100000
32393019.553903 4865673.871710 300.799988 0.100000
32393019.195490 4865651.649342 316.877014 0.100000
32393019.016284 4865640.538159 317.604004 0.100000
32393018.657874 4865618.315792 319.157989 0.100000
32393018.478669 4865607.204609 318.002991 0.100000
32393018.299464 4865596.093426 319.665009 0.100000
32393017.941056 4865573.871060 318.993011 0.100000
32393017.761852 4865562.759878 318.880005 0.100000
32393056.338478 4865962.244486 239.214005 0.100000
32393055.980156 4865940.022108 241.117004 0.100000
32393055.800995 4865928.910920 244.473999 0.100000
32393055.442675 4865906.688544 244.434006 0.100000
32393055.263516 4865895.577356 244.542999 0.100000
32393054.905197 4865873.354980 248.147995 0.100000
32393054.726039 4865862.243793 248.003006 0.100000
32393054.546880 4865851.132606 248.423996 0.100000
32393054.188564 4865828.910232 252.889008 0.100000
32393054.009407 4865817.799045 260.088989 0.100000
32393053.651093 4865795.576673 267.119995 0.100000
32393053.471937 4865784.465487 269.587006 0.100000
32393053.113625 4865762.243115 271.240997 0.100000
32393052.934470 4865751.131930 279.338013 0.100000
32393052.576160 4865728.909559 278.704010 0.100000
32393052.397006 4865717.798374 283.661987 0.100000
32393052.217852 4865706.687189 292.377014 0.100000
32393051.859544 4865684.464820 298.901001 0.100000
32393051.680391 4865673.353636 300.503998 0.100000
32393051.322086 4865651.131268 315.528992 0.100000
32393051.142934 4865640.020085 317.134003 0.100000
32393050.784631 4865617.797718 318.346008 0.100000
32393050.605480 4865606.686535 317.372009 0.100000
32393050.426329 4865595.575352 317.869995 0.100000
32393050.068028 4865573.352986 318.865997 0.100000
32393049.888878 4865562.241804 318.579987 0.100000
32392261.242487 4865975.112621 141.470001 0.200000
32392260.881499 4865952.890240 140.869995 0.200000
32392260.701006 4865941.779050 140.169998 0.200000
32392260.340021 4865919.556670 139.973007 0.200000
32392260.159529 4865908.445481 141.940994 0.200000
32392259.798545 4865886.223102 148.095993 0.200000
32392259.618054 4865875.111913 156.924988 0.200000
32392259.437563 4865864.000724 159.316010 0.200000
32392259.076583 4865841.778346 160.936005 0.200000
32392258.896093 4865830.667158 164.994995 0.200000
32392258.535114 4865808.444782 173.378998 0.200000
32392258.354625 4865797.333594 173.678986 0.200000
32392257.993649 4865775.111219 173.773010 0.199900
32392257.813161 4865764.000032 175.845001 0.199900
32392257.452186 4865741.777658 190.230011 0.200000
32392257.271699 4865730.666471 196.359009 0.200000
32392257.091213 4865719.555284 195.140015 0.200000
32392256.730240 4865697.332912 195.364990 0.200000
32392256.549755 4865686.221726 195.709015 0.200000
32392256.188785 4865663.999355 196.251007 0.199900
32392256.008300 4865652.888169 196.130005 0.199900
32392255.647332 4865630.665799 199.803009 0.199900
32392255.466848 4865619.554614 202.028992 0.199900
32392255.286365 4865608.443429 205.230011 0.199900
32392254.925400 4865586.221060 206.437988 0.200000
32392254.744917 4865575.109876 207.196991 0.200000
32392293.367580 4865974.590848 141.095001 0.200000
32392293.006700 4865952.368467 140.223007 0.200000
32392292.826261 4865941.257277 139.886002 0.200000
32392292.465383 4865919.034897 141.850006 0.199900
32392292.284945 4865907.923708 141.979996 0.199900
32392291.924069 4865885.701329 159.031006 0.199900
32392291.743632 4865874.590140 158.998993 0.199900
32392291.563195 4865863.478951 159.312988 0.199900
32392291.202322 4865841.256574 170.290985 0.199900
32392291.021886 4865830.145386 173.533997 0.199900
32392290.661015 4865807.923010 173.851013 0.199900
32392290.480580 4865796.811822 174.002991 0.199800
32392290.119711 4865774.589447 180.846985 0.199800
32392289.939277 4865763.478260 187.514008 0.199800
32392289.578410 4865741.255886 196.964996 0.199800
32392289.397977 4865730.144699 196.977997 0.199900
32392289.217544 4865719.033513 197.036011 0.199900
32392288.856679 4865696.811141 197.192993 0.199900
32392288.676248 4865685.699955 197.950989 0.199800
32392288.315385 4865663.477583 205.812988 0.199800
32392288.134954 4865652.366398 210.449005 0.199800
32392287.774094 4865630.144028 217.972992 0.199800
32392287.593664 4865619.032843 218.010010 0.199800
32392287.413235 4865607.921658 218.041992 0.199800
32392287.052377 4865585.699290 217.963989 0.199900
32392286.871949 4865574.588106 217.752014 0.200000
32392325.492672 4865974.069231 140.856995 0.200000
32392325.131901 4865951.846850 140.149002 0.199900
32392324.951515 4865940.735660 139.774002 0.199900
32392324.590745 4865918.513280 141.884995 0.199800
32392324.410361 4865907.402091 147.014008 0.199800
32392324.049593 4865885.179712 158.737000 0.199700
32392323.869209 4865874.068523 159.035004 0.199700
32392323.688826 4865862.957335 160.651001 0.199700
32392323.328061 4865840.734958 173.727997 0.199700
32392323.147678 4865829.623769 173.296997 0.199700
32392322.786915 4865807.401393 174.816986 0.199800
32392322.606534 4865796.290206 179.665009 0.199800
32392322.245773 4865774.067831 194.010010 0.199800
32392322.065392 4865762.956644 197.441010 0.199800
32392321.704633 4865740.734270 198.424011 0.199800
32392321.524254 4865729.623083 198.773010 0.199800
32392321.343875 4865718.511897 198.796997 0.199900
32392320.983118 4865696.289525 203.207001 0.199900
32392320.802740 4865685.178339 210.022003 0.199800
32392320.441985 4865662.955968 218.063995 0.199900
32392320.261609 4865651.844783 218.022003 0.200100
32392319.900856 4865629.622413 217.813995 0.200300
32392319.720480 4865618.511228 218.816986 0.200200
32392319.540104 4865607.400043 217.993011 0.199800
32392319.179354 4865585.177675 223.812012 0.199800
32392318.998980 4865574.066491 225.153992 0.199900
32392357.617765 4865973.547769 141.117004 0.200000
32392357.257101 4865951.325388 139.787003 0.199900
32392357.076769 4865940.214198 139.684006 0.199800
32392356.716107 4865917.991819 144.580994 0.199800
32392356.535776 4865906.880629 153.460999 0.200000
32392356.175116 4865884.658251 158.731995 0.200000
32392355.994786 4865873.547062 159.074005 0.199900
32392355.814457 4865862.435873 160.541992 0.199800
32392355.453799 4865840.213497 173.614990 0.199800
32392355.273471 4865829.102308 173.690002 0.199900
32392354.912815 4865806.879933 176.638000 0.200100
32392354.732488 4865795.768745 184.140991 0.200700
32392354.371834 4865773.546370 198.398987 0.202700
32392354.191508 4865762.435183 198.523010 0.200900
32392353.830856 4865740.212810 198.958008 0.200700
32392353.650531 4865729.101623 200.407989 0.200800
32392353.470206 4865717.990437 207.933014 0.200800
32392353.109557 4865695.768065 218.088013 0.200900
32392352.929233 4865684.656879 217.880005 0.201200
32392352.568586 4865662.434508 217.652008 0.201800
32392352.388262 4865651.323323 218.595001 0.203500
32392352.027617 4865629.100953 225.250000 0.212700
32392351.847295 4865617.989768 229.813995 0.204500
32392351.666974 4865606.878584 236.272003 0.200400
32392351.306331 4865584.656215 236.240997 0.199800
32392351.126010 4865573.545031 236.334991 0.199800
32392389.742857 4865973.026463 139.649002 0.199900
32392389.382301 4865950.804082 139.572006 0.199800
32392389.202023 4865939.692892 140.966003 0.199900
32392388.841469 4865917.470513 149.266998 0.200500
32392388.661192 4865906.359324 157.372986 0.205000
32392388.300639 4865884.136945 158.694000 0.206700
32392388.120363 4865873.025757 159.682007 0.202400
32392387.940088 4865861.914568 164.862000 0.202000
32392387.579538 4865839.692191 174.196014 0.202100
32392387.399263 4865828.581003 174.553009 0.202500
32392387.038715 4865806.358627 182.915009 0.203500
32392386.858442 4865795.247440 190.942993 0.212100
32392386.497896 4865773.025065 198.274994 0.254200
32392386.317623 4865761.913878 198.829010 0.214500
32392385.957079 4865739.691505 207.195007 0.206700
32392385.776808 4865728.580319 214.497009 0.206800
32392385.596536 4865717.469132 217.407013 0.207300
32392385.235995 4865695.246760 217.669006 0.208400
32392385.055725 4865684.135575 217.955994 0.209900
32392384.695185 4865661.913204 223.020996 0.212300
32392384.514916 4865650.802019 228.875000 0.241700
32392384.154379 4865628.579649 236.104004 0.339900
32392383.974110 4865617.468464 236.076996 0.247100
32392383.793843 4865606.357280 236.088013 0.202300
32392383.433308 4865584.134912 236.006012 0.200000
32392383.253041 4865573.023728 235.925995 0.199700
32392421.867950 4865972.505312 139.550003 0.199900
32392421.507501 4865950.282932 139.459000 0.199800
32392421.327277 4865939.171742 141.367004 0.200200
32392420.966830 4865916.949363 152.054001 0.206400
32392420.786607 4865905.838174 158.053009 0.295500
32392420.426162 4865883.615796 158.071014 0.294300
32392420.245940 4865872.504607 160.015991 0.225400
32392420.065718 4865861.393418 166.838013 0.214200
32392419.705276 4865839.171042 175.222992 0.212900
32392419.525055 4865828.059854 175.084015 0.213300
32392419.164615 4865805.837478 186.510986 0.215400
32392418.984395 4865794.726291 193.958008 0.258900
32392418.623957 4865772.503916 197.992004 0.359300
32392418.443738 4865761.392729 199.819000 0.323800
32392418.083302 4865739.170356 214.372009 0.221500
32392417.903084 4865728.059170 216.846008 0.222100
32392417.722867 4865716.947983 217.001007 0.233500
32392417.362433 4865694.725612 218.444000 0.243700
32392417.182217 4865683.614426 222.364014 0.238500
32392416.821785 4865661.392055 236.954987 0.247300
32392416.641570 4865650.280870 236.475006 0.359400
32392416.281140 4865628.058501 235.997986 0.434200
32392416.100925 4865616.947316 235.850006 0.235200
32392415.920711 4865605.836132 235.764008 0.202900
32392415.560284 4865583.613764 235.990997 0.200100
32392415.380071 4865572.502580 236.104004 0.199700
32392453.993042 4865971.984317 139.632996 0.199900
32392453.632700 4865949.761937 139.630005 0.199800
32392453.452530 4865938.650747 141.703003 0.200300
32392453.092191 4865916.428368 151.595993 0.208700
32392452.912022 4865905.317179 156.634003 0.326200
32392452.551685 4865883.094801 158.167999 0.428600
32392452.371517 4865871.983613 161.687988 0.375900
32392452.191349 4865860.872424 168.524994 0.279400
32392451.831014 4865838.650048 175.433014 0.252000
32392451.650847 4865827.538860 175.553986 0.240200
32392451.290515 4865805.316484 189.412994 0.241500
32392451.110349 4865794.205297 198.557007 0.262600
32392450.750018 4865771.982923 197.958008 0.382400
32392450.569853 4865760.871736 199.806000 0.390400
32392450.209525 4865738.649363 214.031006 0.289900
32392450.029361 4865727.538176 216.903015 0.251800
32392449.849197 4865716.426990 216.868988 0.247600
32392449.488871 4865694.204619 217.901001 0.234700
32392449.308709 4865683.093433 222.937012 0.228300
32392448.948384 4865660.871062 237.178986 0.258300
32392448.768223 4865649.759877 236.308990 0.408400
32392448.407901 4865627.537508 236.139008 0.366500
32392448.227740 4865616.426324 235.860992 0.222200
32392448.047580 4865605.315139 236.000000 0.202200
32392447.687261 4865583.092771 236.046997 0.200100
32392447.507101 4865571.981588 236.260010 0.199700
32392478.086861 4865971.593673 139.755997 0.199900
32392477.726600 4865949.371293 139.806000 0.199800
32392477.546470 4865938.260104 142.123001 0.200000
32392477.186212 4865916.037725 152.350998 0.201700
32392477.006083 4865904.926536 155.233994 0.215900
32392476.645827 4865882.704158 159.938995 0.291900
32392476.465699 4865871.592969 159.759003 0.386300
32392476.285571 4865860.481781 165.207001 0.392700
32392475.925317 4865838.259404 175.850006 0.299100
32392475.745191 4865827.148216 176.002014 0.237000
32392475.384939 4865804.925841 187.467011 0.234300
32392475.204814 4865793.814654 196.251007 0.250100
32392474.844564 4865771.592280 197.718994 0.320200
32392474.664439 4865760.481093 198.165985 0.368200
32392474.304191 4865738.258720 211.747009 0.409800
32392474.124068 4865727.147534 217.441986 0.371600
32392473.943945 4865716.036347 217.023987 0.291900
32392473.583699 4865693.813976 218.316010 0.251600
32392473.403577 4865682.702790 220.941010 0.256400
32392473.043334 4865660.480420 237.666992 0.371500
32392472.863213 4865649.369235 236.641998 0.396000
32392472.502971 4865627.146866 236.101013 0.244000
32392472.322851 4865616.035681 236.023010 0.207600
32392472.142731 4865604.924497 236.170013 0.202000
32392471.782493 4865582.702129 236.678986 0.200200
32392471.602374 4865571.590946 236.640015 0.199800
32392510.211952 4865971.072951 140.292999 0.199900
32392509.851799 4865948.850571 140.095001 0.199800
32392509.671723 4865937.739381 141.904007 0.199800
32392509.311573 4865915.517003 152.600998 0.200400
32392509.131498 4865904.405814 153.128006 0.203400
32392508.771349 4865882.183436 160.187012 0.212400
32392508.591275 4865871.072247 159.975006 0.236000
32392508.411201 4865859.961059 166.093994 0.363400
32392508.051055 4865837.738683 176.096008 0.452300
32392507.870983 4865826.627495 176.226013 0.381300
32392507.510838 4865804.405120 185.378998 0.272700
32392507.330767 4865793.293932 193.627014 0.233200
32392506.970624 4865771.071558 198.506012 0.317000
32392506.790554 4865759.960372 198.721008 0.231100
32392506.430414 4865737.737999 208.998993 0.336500
32392506.250344 4865726.626813 217.195007 0.393900
32392506.070275 4865715.515627 218.627014 0.328000
32392505.710137 4865693.293255 219.510010 0.234800
32392505.530069 4865682.182070 223.881989 0.257400
32392505.169933 4865659.959700 238.334015 0.418300
32392504.989866 4865648.848515 236.794006 0.382100
32392504.629732 4865626.626145 236.450989 0.218800
32392504.449666 4865615.514961 236.471008 0.205200
32392504.269600 4865604.403777 236.701996 0.202300
32392503.909469 4865582.181409 236.515015 0.200300
32392503.729404 4865571.070226 236.653992 0.199800
32392542.337044 4865970.552384 140.936005 0.200000
32392541.976998 4865948.330004 140.791000 0.199800
32392541.796976 4865937.218815 142.796997 0.199700
32392541.436933 4865914.996436 152.078995 0.199900
32392541.256912 4865903.885247 151.442993 0.201300
32392540.896871 4865881.662870 160.417999 0.205200
32392540.716851 4865870.551681 159.901001 0.208800
32392540.536831 4865859.440493 166.497986 0.224400
32392540.176793 4865837.218117 176.330994 0.340000
32392539.996774 4865826.106929 176.399994 0.421000
32392539.636737 4865803.884554 186.015015 0.389600
32392539.456720 4865792.773367 194.760010 0.272600
32392539.096685 4865770.550993 198.579010 0.292600
32392538.916668 4865759.439806 198.755005 0.254200
32392538.556636 4865737.217434 209.403992 0.297100
32392538.376620 4865726.106247 217.822998 0.336000
32392538.196604 4865714.995062 220.404999 0.381200
32392537.836574 4865692.772690 220.036987 0.312000
32392537.656560 4865681.661505 222.761993 0.360400
32392537.296532 4865659.439135 237.670990 0.517100
32392537.116518 4865648.327950 236.346985 0.252800
32392536.756492 4865626.105581 236.196991 0.207900
32392536.576480 4865614.994397 236.420990 0.204700
32392536.396468 4865603.883213 236.377991 0.202600
32392536.036444 4865581.660845 236.203003 0.200600
32392535.856433 4865570.549662 236.367004 0.199900
32392574.462135 4865970.031973 141.774002 0.200000
32392574.102197 4865947.809593 141.505005 0.199900
32392573.922229 4865936.698404 143.367004 0.199800
32392573.562294 4865914.476025 149.513000 0.199800
32392573.382326 4865903.364836 149.460999 0.200500
32392573.022393 4865881.142459 161.088989 0.203000
32392572.842427 4865870.031271 160.045990 0.206400
32392572.662461 4865858.920082 163.652008 0.206700
32392572.302530 4865836.697706 177.148010 0.218800
32392572.122565 4865825.586519 177.330994 0.292200
32392571.762636 4865803.364144 185.114014 0.398100
32392571.582672 4865792.252957 193.403015 0.385600
32392571.222745 4865770.030583 199.088013 0.343200
32392571.042782 4865758.919397 199.302002 0.292100
32392570.682857 4865736.697024 208.183014 0.281600
32392570.502895 4865725.585838 216.785004 0.273300
32392570.322934 4865714.474652 220.188995 0.325300
32392569.963012 4865692.252281 219.980011 0.363200
32392569.783051 4865681.141096 222.480988 0.445700
32392569.423131 4865658.918726 238.058014 0.426400
32392569.243171 4865647.807541 236.502991 0.229700
32392568.883253 4865625.585172 236.769989 0.208100
32392568.703294 4865614.473988 236.665985 0.204700
32392568.523336 4865603.362804 236.424011 0.202900
32392568.163420 4865581.140436 236.355988 0.200800
32392567.983462 4865570.029253 236.683990 0.199900
32392606.587226 4865969.511718 142.757004 0.200000
32392606.227396 4865947.289338 142.473999 0.200000
32392606.047482 4865936.178149 144.533997 0.199900
32392605.687654 4865913.955770 147.781006 0.199900
32392605.507740 4865902.844581 147.731003 0.200200
32392605.147915 4865880.622204 159.536011 0.201600
32392604.968002 4865869.511016 160.414001 0.205000
32392604.788090 4865858.399828 162.912994 0.206300
32392604.428267 4865836.177452 178.045990 0.206400
32392604.248356 4865825.066264 177.868011 0.214600
32392603.888535 4865802.843890 182.729004 0.254800
32392603.708625 4865791.732703 191.742004 0.391300
32392603.348805 4865769.510329 199.548004 0.466700
32392603.168896 4865758.399142 199.881012 0.344800
32392602.809079 4865736.176770 206.100006 0.291700
32392602.629171 4865725.065584 214.395996 0.274100
32392602.449263 4865713.954398 221.437988 0.304400
32392602.089448 4865691.732027 220.300995 0.406900
32392601.909542 4865680.620842 225.062988 0.496500
32392601.549729 4865658.398472 237.579987 0.332100
32392601.369823 4865647.287288 235.721008 0.222300
32392601.010013 4865625.064919 235.824005 0.209400
32392600.830108 4865613.953735 236.216003 0.205600
32392600.650203 4865602.842551 236.617004 0.203200
32392600.290395 4865580.620183 236.282989 0.200900
32392600.110492 4865569.509000 236.782989 0.199900
32392638.712317 4865968.991618 143.994003 0.200000
32392638.352594 4865946.769239 143.955994 0.200000
32392638.172734 4865935.658049 145.276001 0.200000
32392637.813014 4865913.435671 146.173996 0.199900
32392637.633154 4865902.324482 145.960007 0.200000
32392637.273436 4865880.102105 157.830994 0.200800
32392637.093578 4865868.990917 160.614990 0.203400
32392636.913719 4865857.879729 162.265015 0.206600
32392636.554004 4865835.657353 178.824005 0.206400
32392636.374147 4865824.546165 178.128998 0.207200
32392636.014433 4865802.323791 181.967987 0.220200
32392635.834577 4865791.212604 191.170013 0.312400
32392635.474865 4865768.990230 199.928009 0.461000
32392635.295010 4865757.879044 200.048004 0.299000
32392634.935300 4865735.656672 206.127991 0.243200
32392634.755446 4865724.545486 214.529999 0.278100
32392634.575592 4865713.434300 221.968994 0.369400
32392634.215885 4865691.211929 220.933014 0.482500
32392634.036032 4865680.100744 226.489990 0.404900
32392633.676327 4865657.878374 235.204987 0.272500
32392633.496475 4865646.767190 234.825989 0.227700
32392633.136772 4865624.544821 234.440002 0.214800
32392632.956921 4865613.433637 236.420013 0.208000
32392632.777071 4865602.322453 236.750000 0.204100
32392632.417370 4865580.100086 236.263000 0.201100
32392632.237521 4865568.988903 236.998993 0.199800
32392670.837407 4865968.471674 145.550003 0.200000
32392670.477793 4865946.249295 145.507996 0.200000
32392670.297986 4865935.138105 145.565002 0.200000
32392669.938374 4865912.915727 147.035995 0.199900
32392669.758568 4865901.804538 145.009995 0.200000
32392669.398957 4865879.582161 155.727997 0.200400
32392669.219153 4865868.470973 160.619995 0.202100
32392669.039348 4865857.359785 161.157013 0.206200
32392668.679741 4865835.137410 176.979004 0.208600
32392668.499937 4865824.026222 178.355011 0.209300
32392668.140331 4865801.803848 184.381989 0.219300
32392667.960529 4865790.692661 192.787994 0.306700
32392667.600925 4865768.470288 200.295990 0.454900
32392667.421124 4865757.359101 200.484985 0.374800
32392667.061522 4865735.136729 205.587006 0.252400
32392666.881721 4865724.025543 213.645996 0.257500
32392666.701921 4865712.914358 222.583008 0.392000
32392666.342322 4865690.691987 221.242004 0.490300
32392666.162523 4865679.580802 221.302002 0.371300
32392665.802925 4865657.358432 233.997986 0.311900
32392665.623127 4865646.247248 233.438995 0.302800
32392665.263532 4865624.024879 233.294006 0.237200
32392665.083735 4865612.913695 237.427002 0.217400
32392664.903938 4865601.802512 236.658997 0.206600
32392664.544345 4865579.580145 236.217011 0.201600
32392664.364549 4865568.468961 236.553009 0.199600
32392702.962498 4865967.951885 147.615997 0.200000
32392702.602991 4865945.729506 146.024994 0.200000
32392702.423238 4865934.618317 145.945007 0.200000
32392702.063733 4865912.395939 145.738998 0.199900
32392701.883981 4865901.284750 146.332001 0.199900
32392701.524479 4865879.062374 157.851990 0.200100
32392701.344728 4865867.951185 159.438995 0.201500
32392701.164977 4865856.839997 161.536987 0.206000
32392700.805477 4865834.617622 178.154999 0.214300
32392700.625727 4865823.506435 178.252014 0.226900
32392700.266229 4865801.284060 183.085999 0.248800
32392700.086481 4865790.172874 191.973999 0.323900
32392699.726984 4865767.950500 200.554993 0.456200
32392699.547237 4865756.839314 200.519012 0.380000
32392699.187743 4865734.616942 211.661011 0.352100
32392699.007996 4865723.505756 221.196991 0.281500
32392698.828250 4865712.394571 221.903015 0.410000
32392698.468758 4865690.172200 223.178986 0.460500
32392698.289013 4865679.061015 221.292999 0.246200
32392697.929523 4865656.838646 232.527008 0.244200
32392697.749779 4865645.727461 232.204987 0.319900
32392697.390291 4865623.505093 231.958008 0.321800
32392697.210548 4865612.393909 233.881989 0.291600
32392697.030805 4865601.282725 236.825012 0.223500
32392696.671320 4865579.060359 236.237000 0.203200
32392696.491578 4865567.949175 236.212006 0.199300
32392735.087588 4865967.432253 145.475006 0.200000
32392734.728189 4865945.209874 145.751999 0.200000
32392734.548490 4865934.098684 145.908997 0.200000
32392734.189093 4865911.876307 145.934006 0.199900
32392734.009395 4865900.765118 147.432007 0.199900
32392733.649999 4865878.542741 158.733002 0.200000
32392733.470302 4865867.431553 158.501007 0.201300
32392733.290606 4865856.320365 163.720001 0.209000
32392732.931213 4865834.097990 177.976013 0.273000
32392732.751518 4865822.986803 177.868988 0.325100
32392732.392127 4865800.764429 184.533997 0.308100
32392732.212432 4865789.653242 193.308990 0.331900
32392731.853044 4865767.430869 201.147003 0.393000
32392731.673350 4865756.319683 201.100006 0.287700
32392731.313963 4865734.097311 213.454987 0.293600
32392731.134271 4865722.986125 222.006012 0.346100
32392730.954578 4865711.874940 221.886993 0.461200
32392730.595194 4865689.652569 222.251007 0.445200
32392730.415503 4865678.541384 221.960999 0.231800
32392730.056121 4865656.319015 231.800995 0.216800
32392729.876430 4865645.207831 230.779999 0.242400
32392729.517050 4865622.985462 230.118011 0.305200
32392729.337361 4865611.874279 231.648987 0.369000
32392729.157672 4865600.763095 238.079987 0.306200
32392728.798294 4865578.540728 235.885010 0.208800
32392728.618606 4865567.429545 236.446991 0.198900
32392767.212678 4865966.912775 144.292007 0.200000
32392766.853386 4865944.690397 145.927002 0.200000
32392766.673741 4865933.579207 146.134003 0.200000
32392766.314452 4865911.356830 146.158005 0.199900
32392766.134808 4865900.245641 148.723999 0.199900
32392765.775520 4865878.023265 158.591003 0.199900
32392765.595877 4865866.912077 160.600006 0.200900
32392765.416234 4865855.800889 168.765015 0.207700
32392765.056949 4865833.578514 177.420013 0.267700
32392764.877307 4865822.467327 177.372986 0.299800
32392764.518025 4865800.244953 188.959991 0.254300
32392764.338384 4865789.133766 197.299011 0.297000
32392763.979103 4865766.911393 200.812012 0.405100
32392763.799463 4865755.800207 201.067993 0.312100
32392763.440184 4865733.577835 212.565002 0.276900
32392763.260545 4865722.466650 221.347992 0.319400
32392763.080906 4865711.355464 221.862000 0.440300
32392762.721630 4865689.133094 222.739014 0.441700
32392762.541993 4865678.021909 221.497986 0.233600
32392762.182718 4865655.799540 230.670990 0.239200
32392762.003082 4865644.688356 229.027008 0.258100
32392761.643809 4865622.465987 228.608002 0.238600
32392761.464174 4865611.354804 230.132996 0.232200
32392761.284538 4865600.243620 237.264008 0.216900
32392760.925269 4865578.021254 235.923004 0.202300
32392760.745634 4865566.910071 235.835999 0.199300
32392799.337767 4865966.393454 144.923996 0.200000
32392798.978584 4865944.171075 146.173004 0.200000
32392798.798992 4865933.059886 147.248001 0.200000
32392798.439811 4865910.837509 147.677002 0.200000
32392798.260220 4865899.726320 154.313004 0.199900
32392797.901041 4865877.503944 158.566986 0.199800
32392797.721451 4865866.392756 163.820007 0.200100
32392797.541862 4865855.281568 172.894989 0.201700
32392797.182685 4865833.059193 176.766998 0.206600
32392797.003097 4865821.948006 177.454987 0.214200
32392796.643922 4865799.725632 193.763000 0.218100
32392796.464335 4865788.614446 201.040009 0.296700
32392796.105162 4865766.392073 201.000000 0.424100
32392795.925576 4865755.280887 201.355988 0.308600
32392795.566404 4865733.058515 207.040985 0.242300
32392795.386819 4865721.947330 214.782989 0.268000
32392795.207235 4865710.836144 222.156006 0.454100
32392794.848066 4865688.613774 222.023987 0.414200
32392794.668482 4865677.502589 222.600006 0.260300
32392794.309316 4865655.280220 227.852997 0.221000
32392794.129733 4865644.169036 227.343994 0.221500
32392793.770568 4865621.946668 226.311005 0.212100
32392793.590986 4865610.835485 229.390991 0.205600
32392793.411405 4865599.724301 238.151001 0.202000
32392793.052243 4865577.501935 235.886993 0.200200
32392792.872662 4865566.390752 236.175995 0.199700
32392831.462857 4865965.874288 144.889008 0.200000
32392831.103781 4865943.651910 146.259003 0.200000
32392830.924244 4865932.540721 146.692993 0.200000
32392830.565170 4865910.318343 153.339996 0.200000
32392830.385633 4865899.207155 158.992004 0.199900
32392830.026561 4865876.984779 158.726990 0.199800
32392829.847025 4865865.873591 164.566986 0.199800
32392829.667490 4865854.762403 173.332001 0.200100
32392829.308421 4865832.540028 176.399994 0.201400
32392829.128887 4865821.428841 176.562012 0.204800
32392828.769819 4865799.206467 190.819000 0.211500
32392828.590286 4865788.095281 198.942993 0.277300
32392828.231220 4865765.872908 200.852997 0.383500
32392828.051688 4865754.761722 201.092987 0.237500
32392827.692625 4865732.539351 201.416992 0.219700
32392827.513093 4865721.428165 203.222992 0.311400
32392827.333562 4865710.316980 209.651001 0.394500
32392826.974501 4865688.094610 222.169006 0.427600
32392826.794971 4865676.983425 221.817993 0.400900
32392826.435913 4865654.761057 221.838013 0.233300
32392826.256384 4865643.649872 223.321991 0.214500
32392825.897327 4865621.427505 224.019012 0.206100
32392825.717799 4865610.316321 228.296997 0.202000
32392825.538271 4865599.205138 235.957001 0.200200
32392825.179217 4865576.982771 235.904999 0.199800
32392824.999690 4865565.871588 236.566010 0.199800
32392863.587946 4865965.355278 146.343002 0.200000
32392863.228978 4865943.132900 146.212997 0.200000
32392863.049494 4865932.021711 150.028000 0.200000
32392862.690528 4865909.799333 157.875000 0.200000
32392862.511045 4865898.688145 158.101013 0.200000
32392862.152081 4865876.465769 158.417999 0.199900
32392861.972599 4865865.354581 161.158997 0.199800
32392861.793118 4865854.243394 169.505005 0.199800
32392861.434156 4865832.021019 176.308990 0.200200
32392861.254676 4865820.909832 176.190002 0.202200
32392860.895716 4865798.687458 178.813995 0.207000
32392860.716237 4865787.576272 183.096008 0.222800
32392860.357279 4865765.353899 195.510986 0.341000
32392860.177800 4865754.242713 201.001007 0.236100
32392859.818845 4865732.020342 201.054993 0.281400
32392859.639367 4865720.909157 200.984985 0.359700
32392859.459890 4865709.797972 201.152008 0.253900
32392859.100937 4865687.575602 212.213013 0.309500
32392858.921461 4865676.464417 219.708008 0.402900
32392858.562509 4865654.242048 220.713989 0.305500
32392858.383034 4865643.130864 221.238007 0.216700
32392858.024085 4865620.908497 221.253998 0.204500
32392857.844611 4865609.797313 226.036011 0.200900
32392857.665137 4865598.686130 234.572998 0.199800
32392857.306190 4865576.463764 235.875000 0.199800
32392857.126718 4865565.352581 236.326996 0.199900
32392895.713036 4865964.836423 146.806000 0.200000
32392895.354175 4865942.614045 146.595001 0.200000
32392895.174745 4865931.502856 148.617004 0.200000
32392894.815886 4865909.280479 158.825012 0.200000
32392894.636458 4865898.169291 157.868011 0.200000
32392894.277601 4865875.946915 158.253998 0.200000
32392894.098173 4865864.835727 158.302002 0.199900
32392893.918746 4865853.724540 158.480011 0.199800
32392893.559891 4865831.502165 167.046997 0.199900
32392893.380465 4865820.390978 172.960999 0.200900
32392893.021613 4865798.168605 177.838989 0.204900
32392892.842187 4865787.057419 178.096985 0.216700
32392892.483337 4865764.835046 181.421997 0.321000
32392892.303912 4865753.723860 189.682007 0.298800
32392891.945064 4865731.501489 200.105011 0.353400
32392891.765641 4865720.390304 199.903015 0.251900
32392891.586217 4865709.279119 200.183990 0.211300
32392891.227372 4865687.056749 203.433990 0.226600
32392891.047950 4865675.945564 212.175995 0.403700
32392890.689106 4865653.723196 219.964996 0.413400
32392890.509685 4865642.612012 220.105988 0.228500
32392890.150843 4865620.389644 220.483002 0.203900
32392889.971423 4865609.278461 226.799988 0.200400
32392889.792003 4865598.167278 234.804993 0.199700
32392889.433164 4865575.944912 235.731995 0.199800
32392889.253745 4865564.833729 235.644989 0.200000
32392927.838125 4865964.317725 146.190002 0.200000
32392927.479372 4865942.095347 146.304001 0.200000
32392927.299996 4865930.984158 146.371002 0.200000
32392926.941245 4865908.761781 148.938004 0.200000
32392926.761870 4865897.650593 149.302994 0.200000
32392926.403121 4865875.428217 151.570999 0.200000
32392926.223747 4865864.317029 152.973999 0.199900
32392926.044373 4865853.205842 155.160004 0.199800
32392925.685626 4865830.983467 157.253998 0.199800
32392925.506254 4865819.872280 163.442993 0.200300
32392925.147509 4865797.649907 178.506012 0.203000
32392924.968138 4865786.538721 179.023987 0.216000
32392924.609395 4865764.316349 180.069000 0.341700
32392924.430024 4865753.205163 185.153992 0.408800
32392924.071284 4865730.982792 199.997986 0.293800
32392923.891914 4865719.871607 199.596008 0.215400
32392923.712545 4865708.760422 199.980011 0.209200
32392923.353807 4865686.538052 201.785004 0.211100
32392923.174438 4865675.426867 207.082001 0.268400
32392922.815702 4865653.204499 219.752991 0.364400
32392922.636335 4865642.093315 219.671997 0.228600
32392922.277601 4865619.870948 220.562988 0.202400
32392922.098235 4865608.759764 221.437988 0.200000
32392921.918868 4865597.648581 228.167999 0.199700
32392921.560137 4865575.426215 235.920013 0.199800
32392921.380772 4865564.315033 236.036011 0.200000
32392959.963213 4865963.799181 145.858002 0.200000
32392959.604568 4865941.576804 144.964005 0.200000
32392959.425246 4865930.465615 145.052994 0.200000
32392959.066603 4865908.243238 144.923996 0.200000
32392958.887281 4865897.132050 146.485992 0.200000
32392958.528640 4865874.909674 150.794006 0.200000
32392958.349320 4865863.798487 150.934998 0.200000
32392958.170000 4865852.687299 154.932999 0.199900
32392957.811361 4865830.464925 164.365997 0.199800
32392957.632042 4865819.353738 169.135986 0.200000
32392957.273406 4865797.131365 168.950012 0.201600
32392957.094088 4865786.020179 173.084015 0.219900
32392956.735453 4865763.797807 179.074005 0.411700
32392956.556136 4865752.686621 180.204987 0.383200
32392956.197503 4865730.464250 193.195007 0.236100
32392956.018187 4865719.353065 200.497009 0.208500
32392955.838872 4865708.241880 199.260986 0.204000
32392955.480241 4865686.019511 200.417999 0.203200
32392955.300927 4865674.908326 206.002991 0.205900
32392954.942299 4865652.685958 219.066010 0.217500
32392954.762985 4865641.574774 218.938995 0.205000
32392954.404359 4865619.352407 220.740997 0.200400
32392954.225046 4865608.241223 219.493988 0.199800
32392954.045734 4865597.130040 220.234985 0.199800
32392953.687110 4865574.907675 221.587006 0.199900
32392953.507799 4865563.796492 225.408997 0.200000
32392992.088302 4865963.280794 139.539993 0.200000
32392991.729764 4865941.058416 143.496002 0.200000
32392991.550496 4865929.947228 144.757996 0.200000
32392991.191960 4865907.724851 144.804993 0.200000
32392991.012693 4865896.613663 144.860001 0.200000
32392990.654159 4865874.391287 147.473999 0.200000
32392990.474893 4865863.280100 148.035995 0.200000
32392990.295627 4865852.168912 151.925003 0.199900
32392989.937096 4865829.946538 160.067993 0.199800
32392989.757831 4865818.835352 163.200989 0.199900
32392989.399302 4865796.612979 168.476013 0.200600
32392989.220038 4865785.501792 170.131012 0.212800
32392988.861511 4865763.279421 178.415985 0.341000
32392988.682248 4865752.168235 178.285004 0.281700
32392988.323722 4865729.945864 185.459015 0.209600
32392988.144460 4865718.834679 194.302002 0.200900
32392987.965199 4865707.723494 199.046997 0.199700
32392987.606676 4865685.501125 199.381989 0.199700
32392987.427415 4865674.389940 202.897003 0.199900
32392987.068895 4865652.167572 219.145996 0.200700
32392986.889635 4865641.056388 218.295990 0.200200
32392986.531116 4865618.834021 219.640991 0.199800
32392986.351857 4865607.722838 219.074005 0.199800
32392986.172599 4865596.611655 219.524994 0.199800
32392985.814083 4865574.389290 219.837006 0.200000
32392985.634826 4865563.278107 219.075012 0.200000
32393024.213390 4865962.762562 139.194000 0.200000
32393023.854960 4865940.540184 143.059998 0.200000
32393023.675746 4865929.428996 144.462006 0.200000
32393023.317318 4865907.206619 144.222000 0.200000
32393023.138104 4865896.095431 144.311005 0.200000
32393022.779678 4865873.873056 145.550995 0.200000
32393022.600466 4865862.761869 146.048996 0.200000
32393022.421254 4865851.650681 146.774994 0.200000
32393022.062830 4865829.428307 158.187012 0.199900
32393021.883619 4865818.317121 163.213013 0.199800
32393021.525198 4865796.094748 169.338013 0.200000
32393021.345987 4865784.983562 168.829010 0.201000
32393020.987568 4865762.761190 178.769012 0.210300
32393020.808359 4865751.650004 178.063995 0.205500
32393020.449941 4865729.427634 180.399994 0.200300
32393020.270733 4865718.316449 187.949005 0.199700
32393020.091525 4865707.205264 197.359985 0.199600
32393019.733110 4865684.982895 199.016998 0.199600
32393019.553903 4865673.871710 200.799988 0.199700
32393019.195490 4865651.649342 216.877014 0.199800
32393019.016284 4865640.538159 217.604004 0.199800
32393018.657874 4865618.315792 219.157989 0.199800
32393018.478669 4865607.204609 218.002991 0.199900
32393018.299464 4865596.093426 219.665009 0.199900
32393017.941056 4865573.871060 218.993011 0.200000
32393017.761852 4865562.759878 218.880005 0.200000
32393056.338478 4865962.244486 139.214005 0.200000
32393055.980156 4865940.022108 141.117004 0.200000
32393055.800995 4865928.910920 144.473999 0.200000
32393055.442675 4865906.688544 144.434006 0.200000
32393055.263516 4865895.577356 144.542999 0.200000
32393054.905197 4865873.354980 148.147995 0.200000
32393054.726039 4865862.243793 148.003006 0.200000
32393054.546880 4865851.132606 148.423996 0.200000
32393054.188564 4865828.910232 152.889008 0.200000
32393054.009407 4865817.799045 160.088989 0.199900
32393053.651093 4865795.576673 167.119995 0.199800
32393053.471937 4865784.465487 169.587006 0.199400
32393053.113625 4865762.243115 171.240997 0.198600
32393052.934470 4865751.131930 179.338013 0.198700
32393052.576160 4865728.909559 178.704010 0.199400
32393052.397006 4865717.798374 183.661987 0.199700
32393052.217852 4865706.687189 192.377014 0.199900
32393051.859544 4865684.464820 198.901001 0.199900
32393051.680391 4865673.353636 200.503998 0.199900
32393051.322086 4865651.131268 215.528992 0.199800
32393051.142934 4865640.020085 217.134003 0.199900
32393050.784631 4865617.797718 218.346008 0.199900
32393050.605480 4865606.686535 217.372009 0.200000
32393050.426329 4865595.575352 217.869995 0.200000
32393050.068028 4865573.352986 218.865997 0.200000
32393049.888878 4865562.241804 218.579987 0.200000
32392261.242487 4865975.112621 41.470001 0.300000
32392260.881499 4865952.890240 40.869995 0.300000
32392260.701006 4865941.779050 40.169998 0.300000
32392260.340021 4865919.556670 39.973007 0.300000
32392260.159529 4865908.445481 41.940994 0.300000
32392259.798545 4865886.223102 48.095993 0.300000
32392259.618054 4865875.111913 56.924988 0.300000
32392259.437563 4865864.000724 59.316010 0.300000
32392259.076583 4865841.778346 60.936005 0.300000
32392258.896093 4865830.667158 64.994995 0.300000
32392258.535114 4865808.444782 73.378998 0.300000
32392258.354625 4865797.333594 73.678986 0.300000
32392257.993649 4865775.111219 73.773010 0.300000
32392257.813161 4865764.000032 75.845001 0.300000
32392257.452186 4865741.777658 90.230011 0.300000
32392257.271699 4865730.666471 96.359009 0.300000
32392257.091213 4865719.555284 95.140015 0.300000
32392256.730240 4865697.332912 95.364990 0.300000
32392256.549755 4865686.221726 95.709015 0.300000
32392256.188785 4865663.999355 96.251007 0.299900
32392256.008300 4865652.888169 96.130005 0.299900
32392255.647332 4865630.665799 99.803009 0.299900
32392255.466848 4865619.554614 102.028992 0.299900
32392255.286365 4865608.443429 105.230011 0.299900
32392254.925400 4865586.221060 106.437988 0.300000
32392254.744917 4865575.109876 107.196991 0.300000
32392293.367580 4865974.590848 41.095001 0.300000
32392293.006700 4865952.368467 40.223007 0.300000
32392292.826261 4865941.257277 39.886002 0.300000
32392292.465383 4865919.034897 41.850006 0.299900
32392292.284945 4865907.923708 41.979996 0.299900
32392291.924069 4865885.701329 59.031006 0.299800
32392291.743632 4865874.590140 58.998993 0.299800
32392291.563195 4865863.478951 59.312988 0.299900
32392291.202322 4865841.256574 70.290985 0.299900
32392291.021886 4865830.145386 73.533997 0.299900
32392290.661015 4865807.923010 73.851013 0.299800
32392290.480580 4865796.811822 74.002991 0.299700
32392290.119711 4865774.589447 80.846985 0.299700
32392289.939277 4865763.478260 87.514008 0.299700
32392289.578410 4865741.255886 96.964996 0.299700
32392289.397977 4865730.144699 96.977997 0.299800
32392289.217544 4865719.033513 97.036011 0.299800
32392288.856679 4865696.811141 97.192993 0.299800
32392288.676248 4865685.699955 97.950989 0.299700
32392288.315385 4865663.477583 105.812988 0.299600
32392288.134954 4865652.366398 110.449005 0.299500
32392287.774094 4865630.144028 117.972992 0.299600
32392287.593664 4865619.032843 118.010010 0.299600
32392287.413235 4865607.921658 118.041992 0.299700
32392287.052377 4865585.699290 117.963989 0.299800
32392286.871949 4865574.588106 117.752014 0.300000
32392325.492672 4865974.069231 40.856995 0.300000
32392325.131901 4865951.846850 40.149002 0.299900
32392324.951515 4865940.735660 39.774002 0.299800
32392324.590745 4865918.513280 41.884995 0.299700
32392324.410361 4865907.402091 47.014008 0.299600
32392324.049593 4865885.179712 58.737000 0.299500
32392323.869209 4865874.068523 59.035004 0.299500
32392323.688826 4865862.957335 60.651001 0.299500
32392323.328061 4865840.734958 73.727997 0.299600
32392323.147678 4865829.623769 73.296997 0.299600
32392322.786915 4865807.401393 74.816986 0.299500
32392322.606534 4865796.290206 79.665009 0.299500
32392322.245773 4865774.067831 94.010010 0.299500
32392322.065392 4865762.956644 97.441010 0.299400
32392321.704633 4865740.734270 98.424011 0.299400
32392321.524254 4865729.623083 98.773010 0.299500
32392321.343875 4865718.511897 98.796997 0.299600
32392320.983118 4865696.289525 103.207001 0.299600
32392320.802740 4865685.178339 110.022003 0.299400
32392320.441985 4865662.955968 118.063995 0.299300
32392320.261609 4865651.844783 118.022003 0.299400
32392319.900856 4865629.622413 117.813995 0.299500
32392319.720480 4865618.511228 118.816986 0.299600
32392319.540104 4865607.400043 117.993011 0.299500
32392319.179354 4865585.177675 123.812012 0.299700
32392318.998980 4865574.066491 125.153992 0.299900
32392357.617765 4865973.547769 41.117004 0.300000
32392357.257101 4865951.325388 39.787003 0.299800
32392357.076769 4865940.214198 39.684006 0.299700
32392356.716107 4865917.991819 44.580994 0.299500
32392356.535776 4865906.880629 53.460999 0.299500
32392356.175116 4865884.658251 58.731995 0.299400
32392355.994786 4865873.547062 59.074005 0.299200
32392355.814457 4865862.435873 60.541992 0.299200
32392355.453799 4865840.213497 73.614990 0.299200
32392355.273471 4865829.102308 73.690002 0.299200
32392354.912815 4865806.879933 76.638000 0.299400
32392354.732488 4865795.768745 84.140991 0.299700
32392354.371834 4865773.546370 98.398987 0.299200
32392354.191508 4865762.435183 98.523010 0.299600
32392353.830856 4865740.212810 98.958008 0.299400
32392353.650531 4865729.101623 100.407989 0.299400
32392353.470206 4865717.990437 107.933014 0.299400
32392353.109557 4865695.768065 118.088013 0.299400
32392352.929233 4865684.656879 117.880005 0.299300
32392352.568586 4865662.434508 117.652008 0.299500
32392352.388262 4865651.323323 118.595001 0.299700
32392352.027617 4865629.100953 125.250000 0.301100
32392351.847295 4865617.989768 129.813995 0.300000
32392351.666974 4865606.878584 136.272003 0.299600
32392351.306331 4865584.656215 136.240997 0.299600
32392351.126010 4865573.545031 136.334991 0.299800
32392389.742857 4865973.026463 39.649002 0.300000
32392389.382301 4865950.804082 39.572006 0.299700
32392389.202023 4865939.692892 40.966003 0.299600
32392388.841469 4865917.470513 49.266998 0.299700
32392388.661192 4865906.359324 57.372986 0.300000
32392388.300639 4865884.136945 58.694000 0.299400
32392388.120363 4865873.025757 59.682007 0.299500
32392387.940088 4865861.914568 64.862000 0.299200
32392387.579538 4865839.692191 74.196014 0.299100
32392387.399263 4865828.581003 74.553009 0.299200
32392387.038715 4865806.358627 82.915009 0.299700
32392386.858442 4865795.247440 90.942993 0.299700
32392386.497896 4865773.025065 98.274994 0.298700
32392386.317623 4865761.913878 98.829010 0.299800
32392385.957079 4865739.691505 107.195007 0.300100
32392385.776808 4865728.580319 114.497009 0.299800
32392385.596536 4865717.469132 117.407013 0.299700
32392385.235995 4865695.246760 117.669006 0.299600
32392385.055725 4865684.135575 117.955994 0.299700
32392384.695185 4865661.913204 123.020996 0.300000
32392384.514916 4865650.802019 128.875000 0.304600
32392384.154379 4865628.579649 136.104004 0.361100
32392383.974110 4865617.468464 136.076996 0.301600
32392383.793843 4865606.357280 136.088013 0.299800
32392383.433308 4865584.134912 136.006012 0.299600
32392383.253041 4865573.023728 135.925995 0.299700
32392421.867950 4865972.505312 39.550003 0.299900
32392421.507501 4865950.282932 39.459000 0.299700
32392421.327277 4865939.171742 41.367004 0.299600
32392420.966830 4865916.949363 52.054001 0.300200
32392420.786607 4865905.838174 58.053009 0.307600
32392420.426162 4865883.615796 58.071014 0.286500
32392420.245940 4865872.504607 60.015991 0.300800
32392420.065718 4865861.393418 66.838013 0.299700
32392419.705276 4865839.171042 75.222992 0.299600
32392419.525055 4865828.059854 75.084015 0.299600
32392419.164615 4865805.837478 86.510986 0.299700
32392418.984395 4865794.726291 93.958008 0.300800
32392418.623957 4865772.503916 97.992004 0.364000
32392418.443738 4865761.392729 99.819000 0.324800
32392418.083302 4865739.170356 114.372009 0.299800
32392417.903084 4865728.059170 116.846008 0.299700
32392417.722867 4865716.947983 117.001007 0.299200
32392417.362433 4865694.725612 118.444000 0.299800
32392417.182217 4865683.614426 122.364014 0.298800
32392416.821785 4865661.392055 136.954987 0.302600
32392416.641570 4865650.280870 136.475006 0.364200
32392416.281140 4865628.058501 135.997986 0.428500
32392416.100925 4865616.947316 135.850006 0.305000
32392415.920711 4865605.836132 135.764008 0.300000
32392415.560284 4865583.613764 135.990997 0.299500
32392415.380071 4865572.502580 136.104004 0.299600
32392453.993042 4865971.984317 39.632996 0.299900
32392453.632700 4865949.761937 39.630005 0.299600
32392453.452530 4865938.650747 41.703003 0.299600
32392453.092191 4865916.428368 51.595993 0.299400
32392452.912022 4865905.317179 56.634003 0.319700
32392452.551685 4865883.094801 58.167999 0.406700
32392452.371517 4865871.983613 61.687988 0.367300
32392452.191349 4865860.872424 68.524994 0.299800
32392451.831014 4865838.650048 75.433014 0.299800
32392451.650847 4865827.538860 75.553986 0.298200
32392451.290515 4865805.316484 89.412994 0.300200
32392451.110349 4865794.205297 98.557007 0.305900
32392450.750018 4865771.982923 97.958008 0.375200
32392450.569853 4865760.871736 99.806000 0.388900
32392450.209525 4865738.649363 114.031006 0.303700
32392450.029361 4865727.538176 116.903015 0.299300
32392449.849197 4865716.426990 116.868988 0.298700
32392449.488871 4865694.204619 117.901001 0.298800
32392449.308709 4865683.093433 122.937012 0.298800
32392448.948384 4865660.871062 137.178986 0.301400
32392448.768223 4865649.759877 136.308990 0.398000
32392448.407901 4865627.537508 136.139008 0.365700
32392448.227740 4865616.426324 135.860992 0.301500
32392448.047580 4865605.315139 136.000000 0.299700
32392447.687261 4865583.092771 136.046997 0.299500
32392447.507101 4865571.981588 136.260010 0.299600
32392478.086861 4865971.593673 39.755997 0.299900
32392477.726600 4865949.371293 39.806000 0.299600
32392477.546470 4865938.260104 42.123001 0.299500
32392477.186212 4865916.037725 52.350998 0.299900
32392477.006083 4865904.926536 55.233994 0.300300
32392476.645827 4865882.704158 59.938995 0.307200
32392476.465699 4865871.592969 59.759003 0.399200
32392476.285571 4865860.481781 65.207001 0.374200
32392475.925317 4865838.259404 75.850006 0.304500
32392475.745191 4865827.148216 76.002014 0.300900
32392475.384939 4865804.925841 87.467011 0.299100
32392475.204814 4865793.814654 96.251007 0.298900
32392474.844564 4865771.592280 97.718994 0.315500
32392474.664439 4865760.481093 98.165985 0.342700
32392474.304191 4865738.258720 111.747009 0.388300
32392474.124068 4865727.147534 117.441986 0.370200
32392473.943945 4865716.036347 117.023987 0.306100
32392473.583699 4865693.813976 118.316010 0.312900
32392473.403577 4865682.702790 120.941010 0.299800
32392473.043334 4865660.480420 137.666992 0.360400
32392472.863213 4865649.369235 136.641998 0.392900
32392472.502971 4865627.146866 136.101013 0.304700
32392472.322851 4865616.035681 136.023010 0.300100
32392472.142731 4865604.924497 136.170013 0.299800
32392471.782493 4865582.702129 136.678986 0.299500
32392471.602374 4865571.590946 136.640015 0.299700
32392510.211952 4865971.072951 40.292999 0.300000
32392509.851799 4865948.850571 40.095001 0.299700
32392509.671723 4865937.739381 41.904007 0.299400
32392509.311573 4865915.517003 52.600998 0.299500
32392509.131498 4865904.405814 53.128006 0.300300
32392508.771349 4865882.183436 60.187012 0.301400
32392508.591275 4865871.072247 59.975006 0.304600
32392508.411201 4865859.961059 66.093994 0.349600
32392508.051055 4865837.738683 76.096008 0.441700
32392507.870983 4865826.627495 76.226013 0.384400
32392507.510838 4865804.405120 85.378998 0.302600
32392507.330767 4865793.293932 93.627014 0.304200
32392506.970624 4865771.071558 98.506012 0.356000
32392506.790554 4865759.960372 98.721008 0.304700
32392506.430414 4865737.737999 108.998993 0.335600
32392506.250344 4865726.626813 117.195007 0.393100
32392506.070275 4865715.515627 118.627014 0.322000
32392505.710137 4865693.293255 119.510010 0.302700
32392505.530069 4865682.182070 123.881989 0.302900
32392505.169933 4865659.959700 138.334015 0.412200
32392504.989866 4865648.848515 136.794006 0.378400
32392504.629732 4865626.626145 136.450989 0.304400
32392504.449666 4865615.514961 136.471008 0.300300
32392504.269600 4865604.403777 136.701996 0.299700
32392503.909469 4865582.181409 136.515015 0.299600
32392503.729404 4865571.070226 136.653992 0.299800
32392542.337044 4865970.552384 40.936005 0.300000
32392541.976998 4865948.330004 40.791000 0.299800
32392541.796976 4865937.218815 42.796997 0.299500
32392541.436933 4865914.996436 52.078995 0.299400
32392541.256912 4865903.885247 51.442993 0.299700
32392540.896871 4865881.662870 60.417999 0.300600
32392540.716851 4865870.551681 59.901001 0.301100
32392540.536831 4865859.440493 66.497986 0.301500
32392540.176793 4865837.218117 76.330994 0.330200
32392539.996774 4865826.106929 76.399994 0.415400
32392539.636737 4865803.884554 86.015015 0.371200
32392539.456720 4865792.773367 94.760010 0.290900
32392539.096685 4865770.550993 98.579010 0.300700
32392538.916668 4865759.439806 98.755005 0.299900
32392538.556636 4865737.217434 109.403992 0.308900
32392538.376620 4865726.106247 117.822998 0.347200
32392538.196604 4865714.995062 120.404999 0.372800
32392537.836574 4865692.772690 120.036987 0.328400
32392537.656560 4865681.661505 122.761993 0.352900
32392537.296532 4865659.439135 137.670990 0.486200
32392537.116518 4865648.327950 136.346985 0.312200
32392536.756492 4865626.105581 136.196991 0.300000
32392536.576480 4865614.994397 136.420990 0.299800
32392536.396468 4865603.883213 136.377991 0.299800
32392536.036444 4865581.660845 136.203003 0.299800
32392535.856433 4865570.549662 136.367004 0.299800
32392574.462135 4865970.031973 41.774002 0.300000
32392574.102197 4865947.809593 41.505005 0.299900
32392573.922229 4865936.698404 43.367004 0.299700
32392573.562294 4865914.476025 49.513000 0.299500
32392573.382326 4865903.364836 49.460999 0.299600
32392573.022393 4865881.142459 61.088989 0.300100
32392572.842427 4865870.031271 60.045990 0.300900
32392572.662461 4865858.920082 63.652008 0.300700
32392572.302530 4865836.697706 77.148010 0.300600
32392572.122565 4865825.586519 77.330994 0.312100
32392571.762636 4865803.364144 85.114014 0.386800
32392571.582672 4865792.252957 93.403015 0.376500
32392571.222745 4865770.030583 99.088013 0.335800
32392571.042782 4865758.919397 99.302002 0.312000
32392570.682857 4865736.697024 108.183014 0.304500
32392570.502895 4865725.585838 116.785004 0.323100
32392570.322934 4865714.474652 120.188995 0.351500
32392569.963012 4865692.252281 119.980011 0.352000
32392569.783051 4865681.141096 122.480988 0.438700
32392569.423131 4865658.918726 138.058014 0.426900
32392569.243171 4865647.807541 136.502991 0.311300
32392568.883253 4865625.585172 136.769989 0.300900
32392568.703294 4865614.473988 136.665985 0.299900
32392568.523336 4865603.362804 136.424011 0.299900
32392568.163420 4865581.140436 136.355988 0.299900
32392567.983462 4865570.029253 136.683990 0.299900
32392606.587226 4865969.511718 42.757004 0.300000
32392606.227396 4865947.289338 42.473999 0.300000
32392606.047482 4865936.178149 44.533997 0.299900
32392605.687654 4865913.955770 47.781006 0.299700
32392605.507740 4865902.844581 47.731003 0.299700
32392605.147915 4865880.622204 59.536011 0.300000
32392604.968002 4865869.511016 60.414001 0.300600
32392604.788090 4865858.399828 62.912994 0.300800
32392604.428267 4865836.177452 78.045990 0.300400
32392604.248356 4865825.066264 77.868011 0.300100
32392603.888535 4865802.843890 82.729004 0.303600
32392603.708625 4865791.732703 91.742004 0.381400
32392603.348805 4865769.510329 99.548004 0.439900
32392603.168896 4865758.399142 99.881012 0.347300
32392602.809079 4865736.176770 106.100006 0.304700
32392602.629171 4865725.065584 114.395996 0.308800
32392602.449263 4865713.954398 121.437988 0.304600
32392602.089448 4865691.732027 120.300995 0.396900
32392601.909542 4865680.620842 125.062988 0.488100
32392601.549729 4865658.398472 137.579987 0.357500
32392601.369823 4865647.287288 135.721008 0.306600
32392601.010013 4865625.064919 135.824005 0.301000
32392600.830108 4865613.953735 136.216003 0.300200
32392600.650203 4865602.842551 136.617004 0.300100
32392600.290395 4865580.620183 136.282989 0.299800
32392600.110492 4865569.509000 136.782989 0.299800
32392638.712317 4865968.991618 43.994003 0.300000
32392638.352594 4865946.769239 43.955994 0.300000
32392638.172734 4865935.658049 45.276001 0.299900
32392637.813014 4865913.435671 46.173996 0.299800
32392637.633154 4865902.324482 45.960007 0.299800
32392637.273436 4865880.102105 57.830994 0.300000
32392637.093578 4865868.990917 60.614990 0.300500
32392636.913719 4865857.879729 62.265015 0.300900
32392636.554004 4865835.657353 78.824005 0.300600
32392636.374147 4865824.546165 78.128998 0.300200
32392636.014433 4865802.323791 81.967987 0.300300
32392635.834577 4865791.212604 91.170013 0.316900
32392635.474865 4865768.990230 99.928009 0.460600
32392635.295010 4865757.879044 100.048004 0.298400
32392634.935300 4865735.656672 106.127991 0.299300
32392634.755446 4865724.545486 114.529999 0.320700
32392634.575592 4865713.434300 121.968994 0.358900
32392634.215885 4865691.211929 120.933014 0.474800
32392634.036032 4865680.100744 126.489990 0.405700
32392633.676327 4865657.878374 135.204987 0.307800
32392633.496475 4865646.767190 134.825989 0.301700
32392633.136772 4865624.544821 134.440002 0.301700
32392632.956921 4865613.433637 136.420013 0.301100
32392632.777071 4865602.322453 136.750000 0.300400
32392632.417370 4865580.100086 136.263000 0.299900
32392632.237521 4865568.988903 136.998993 0.299700
32392670.837407 4865968.471674 45.550003 0.300000
32392670.477793 4865946.249295 45.507996 0.300000
32392670.297986 4865935.138105 45.565002 0.300000
32392669.938374 4865912.915727 47.035995 0.299900
32392669.758568 4865901.804538 45.009995 0.299800
32392669.398957 4865879.582161 55.727997 0.299800
32392669.219153 4865868.470973 60.619995 0.300300
32392669.039348 4865857.359785 61.157013 0.301100
32392668.679741 4865835.137410 76.979004 0.301400
32392668.499937 4865824.026222 78.355011 0.301000
32392668.140331 4865801.803848 84.381989 0.301300
32392667.960529 4865790.692661 92.787994 0.308000
32392667.600925 4865768.470288 100.295990 0.448300
32392667.421124 4865757.359101 100.484985 0.374000
32392667.061522 4865735.136729 105.587006 0.305300
32392666.881721 4865724.025543 113.645996 0.306400
32392666.701921 4865712.914358 122.583008 0.381200
32392666.342322 4865690.691987 121.242004 0.468600
32392666.162523 4865679.580802 121.302002 0.357500
32392665.802925 4865657.358432 133.997986 0.310500
32392665.623127 4865646.247248 133.438995 0.300400
32392665.263532 4865624.024879 133.294006 0.299300
32392665.083735 4865612.913695 137.427002 0.302100
32392664.903938 4865601.802512 136.658997 0.301300
32392664.544345 4865579.580145 136.217011 0.300100
32392664.364549 4865568.468961 136.553009 0.299500
32392702.962498 4865967.951885 47.615997 0.300000
32392702.602991 4865945.729506 46.024994 0.300000
32392702.423238 4865934.618317 45.945007 0.300000
32392702.063733 4865912.395939 45.738998 0.299900
32392701.883981 4865901.284750 46.332001 0.299700
32392701.524479 4865879.062374 57.851990 0.299700
32392701.344728 4865867.951185 59.438995 0.300100
32392701.164977 4865856.839997 61.536987 0.301300
32392700.805477 4865834.617622 78.154999 0.302700
32392700.625727 4865823.506435 78.252014 0.303000
32392700.266229 4865801.284060 83.085999 0.301900
32392700.086481 4865790.172874 91.973999 0.319600
32392699.726984 4865767.950500 100.554993 0.418400
32392699.547237 4865756.839314 100.519012 0.376600
32392699.187743 4865734.616942 111.661011 0.366500
32392699.007996 4865723.505756 121.196991 0.301200
32392698.828250 4865712.394571 121.903015 0.396800
32392698.468758 4865690.172200 123.178986 0.446200
32392698.289013 4865679.061015 121.292999 0.303800
32392697.929523 4865656.838646 132.527008 0.298800
32392697.749779 4865645.727461 132.204987 0.316700
32392697.390291 4865623.505093 131.958008 0.313500
32392697.210548 4865612.393909 133.881989 0.301300
32392697.030805 4865601.282725 136.825012 0.302000
32392696.671320 4865579.060359 136.237000 0.300400
32392696.491578 4865567.949175 136.212006 0.299300
32392735.087588 4865967.432253 45.475006 0.300000
32392734.728189 4865945.209874 45.751999 0.300000
32392734.548490 4865934.098684 45.908997 0.300000
32392734.189093 4865911.876307 45.934006 0.299900
32392734.009395 4865900.765118 47.432007 0.299800
32392733.649999 4865878.542741 58.733002 0.299700
32392733.470302 4865867.431553 58.501007 0.300000
32392733.290606 4865856.320365 63.720001 0.301500
32392732.931213 4865834.097990 77.976013 0.311700
32392732.751518 4865822.986803 77.868988 0.324800
32392732.392127 4865800.764429 84.533997 0.311000
32392732.212432 4865789.653242 93.308990 0.328400
32392731.853044 4865767.430869 101.147003 0.405300
32392731.673350 4865756.319683 101.100006 0.299700
32392731.313963 4865734.097311 113.454987 0.312100
32392731.134271 4865722.986125 122.006012 0.343900
32392730.954578 4865711.874940 121.886993 0.450300
32392730.595194 4865689.652569 122.251007 0.434200
32392730.415503 4865678.541384 121.960999 0.301900
32392730.056121 4865656.319015 131.800995 0.298500
32392729.876430 4865645.207831 130.779999 0.300000
32392729.517050 4865622.985462 130.118011 0.305500
32392729.337361 4865611.874279 131.648987 0.362300
32392729.157672 4865600.763095 138.079987 0.304300
32392728.798294 4865578.540728 135.885010 0.300400
32392728.618606 4865567.429545 136.446991 0.299200
32392767.212678 4865966.912775 44.292007 0.300000
32392766.853386 4865944.690397 45.927002 0.300000
32392766.673741 4865933.579207 46.134003 0.300000
32392766.314452 4865911.356830 46.158005 0.299900
32392766.134808 4865900.245641 48.723999 0.299800
32392765.775520 4865878.023265 58.591003 0.299600
32392765.595877 4865866.912077 60.600006 0.299800
32392765.416234 4865855.800889 68.765015 0.301000
32392765.056949 4865833.578514 77.420013 0.311800
32392764.877307 4865822.467327 77.372986 0.307200
32392764.518025 4865800.244953 88.959991 0.300600
32392764.338384 4865789.133766 97.299011 0.304600
32392763.979103 4865766.911393 100.812012 0.406300
32392763.799463 4865755.800207 101.067993 0.314800
32392763.440184 4865733.577835 112.565002 0.300100
32392763.260545 4865722.466650 121.347992 0.330100
32392763.080906 4865711.355464 121.862000 0.438100
32392762.721630 4865689.133094 122.739014 0.431600
32392762.541993 4865678.021909 121.497986 0.301400
32392762.182718 4865655.799540 130.670990 0.304900
32392762.003082 4865644.688356 129.027008 0.313800
32392761.643809 4865622.465987 128.608002 0.301400
32392761.464174 4865611.354804 130.132996 0.303000
32392761.284538 4865600.243620 137.264008 0.301000
32392760.925269 4865578.021254 135.923004 0.300000
32392760.745634 4865566.910071 135.835999 0.299400
32392799.337767 4865966.393454 44.923996 0.300000
32392798.978584 4865944.171075 46.173004 0.300000
32392798.798992 4865933.059886 47.248001 0.300000
32392798.439811 4865910.837509 47.677002 0.300000
32392798.260220 4865899.726320 54.313004 0.299800
32392797.901041 4865877.503944 58.566986 0.299700
32392797.721451 4865866.392756 63.820007 0.299600
32392797.541862 4865855.281568 72.894989 0.299900
32392797.182685 4865833.059193 76.766998 0.300900
32392797.003097 4865821.948006 77.454987 0.301200
32392796.643922 4865799.725632 93.763000 0.301500
32392796.464335 4865788.614446 101.040009 0.315100
32392796.105162 4865766.392073 101.000000 0.418400
32392795.925576 4865755.280887 101.355988 0.330100
32392795.566404 4865733.058515 107.040985 0.299200
32392795.386819 4865721.947330 114.782989 0.304300
32392795.207235 4865710.836144 122.156006 0.443300
32392794.848066 4865688.613774 122.023987 0.408400
32392794.668482 4865677.502589 122.600006 0.304600
32392794.309316 4865655.280220 127.852997 0.299200
32392794.129733 4865644.169036 127.343994 0.301000
32392793.770568 4865621.946668 126.311005 0.300800
32392793.590986 4865610.835485 129.390991 0.300200
32392793.411405 4865599.724301 138.151001 0.299800
32392793.052243 4865577.501935 135.886993 0.299600
32392792.872662 4865566.390752 136.175995 0.299700
32392831.462857 4865965.874288 44.889008 0.300000
32392831.103781 4865943.651910 46.259003 0.300000
32392830.924244 4865932.540721 46.692993 0.300000
32392830.565170 4865910.318343 53.339996 0.300000
32392830.385633 4865899.207155 58.992004 0.299900
32392830.026561 4865876.984779 58.726990 0.299800
32392829.847025 4865865.873591 64.566986 0.299600
32392829.667490 4865854.762403 73.332001 0.299500
32392829.308421 4865832.540028 76.399994 0.299700
32392829.128887 4865821.428841 76.562012 0.300400
32392828.769819 4865799.206467 90.819000 0.301000
32392828.590286 4865788.095281 98.942993 0.303400
32392828.231220 4865765.872908 100.852997 0.378100
32392828.051688 4865754.761722 101.092987 0.300800
32392827.692625 4865732.539351 101.416992 0.298400
32392827.513093 4865721.428165 103.222992 0.316800
32392827.333562 4865710.316980 109.651001 0.399100
32392826.974501 4865688.094610 122.169006 0.415300
32392826.794971 4865676.983425 121.817993 0.323000
32392826.435913 4865654.761057 121.838013 0.301200
32392826.256384 4865643.649872 123.321991 0.301600
32392825.897327 4865621.427505 124.019012 0.300400
32392825.717799 4865610.316321 128.296997 0.299500
32392825.538271 4865599.205138 135.957001 0.299300
32392825.179217 4865576.982771 135.904999 0.299500
32392824.999690 4865565.871588 136.566010 0.299800
32392863.587946 4865965.355278 46.343002 0.300000
32392863.228978 4865943.132900 46.212997 0.300000
32392863.049494 4865932.021711 50.028000 0.300000
32392862.690528 4865909.799333 57.875000 0.300000
32392862.511045 4865898.688145 58.101013 0.300000
32392862.152081 4865876.465769 58.417999 0.299900
32392861.972599 4865865.354581 61.158997 0.299700
32392861.793118 4865854.243394 69.505005 0.299500
32392861.434156 4865832.021019 76.308990 0.299500
32392861.254676 4865820.909832 76.190002 0.299800
32392860.895716 4865798.687458 78.813995 0.300600
32392860.716237 4865787.576272 83.096008 0.301300
32392860.357279 4865765.353899 95.510986 0.337200
32392860.177800 4865754.242713 101.001007 0.301500
32392859.818845 4865732.020342 101.054993 0.295300
32392859.639367 4865720.909157 100.984985 0.359900
32392859.459890 4865709.797972 101.152008 0.310400
32392859.100937 4865687.575602 112.213013 0.313900
32392858.921461 4865676.464417 119.708008 0.400000
32392858.562509 4865654.242048 120.713989 0.318000
32392858.383034 4865643.130864 121.238007 0.302300
32392858.024085 4865620.908497 121.253998 0.300300
32392857.844611 4865609.797313 126.036011 0.299300
32392857.665137 4865598.686130 134.572998 0.299300
32392857.306190 4865576.463764 135.875000 0.299500
32392857.126718 4865565.352581 136.326996 0.299900
32392895.713036 4865964.836423 46.806000 0.300000
32392895.354175 4865942.614045 46.595001 0.300000
32392895.174745 4865931.502856 48.617004 0.300000
32392894.815886 4865909.280479 58.825012 0.300000
32392894.636458 4865898.169291 57.868011 0.300000
32392894.277601 4865875.946915 58.253998 0.300000
32392894.098173 4865864.835727 58.302002 0.299800
32392893.918746 4865853.724540 58.480011 0.299600
32392893.559891 4865831.502165 67.046997 0.299400
32392893.380465 4865820.390978 72.960999 0.299500
32392893.021613 4865798.168605 77.838989 0.300400
32392892.842187 4865787.057419 78.096985 0.301300
32392892.483337 4865764.835046 81.421997 0.318700
32392892.303912 4865753.723860 89.682007 0.330000
32392891.945064 4865731.501489 100.105011 0.340000
32392891.765641 4865720.390304 99.903015 0.303900
32392891.586217 4865709.279119 100.183990 0.298800
32392891.227372 4865687.056749 103.433990 0.301300
32392891.047950 4865675.945564 112.175995 0.393800
32392890.689106 4865653.723196 119.964996 0.399400
32392890.509685 4865642.612012 120.105988 0.305200
32392890.150843 4865620.389644 120.483002 0.300300
32392889.971423 4865609.278461 126.799988 0.299400
32392889.792003 4865598.167278 134.804993 0.299400
32392889.433164 4865575.944912 135.731995 0.299700
32392889.253745 4865564.833729 135.644989 0.300000
32392927.838125 4865964.317725 46.190002 0.300000
32392927.479372 4865942.095347 46.304001 0.300000
32392927.299996 4865930.984158 46.371002 0.300000
32392926.941245 4865908.761781 48.938004 0.300000
32392926.761870 4865897.650593 49.302994 0.300000
32392926.403121 4865875.428217 51.570999 0.300000
32392926.223747 4865864.317029 52.973999 0.299900
32392926.044373 4865853.205842 55.160004 0.299800
32392925.685626 4865830.983467 57.253998 0.299500
32392925.506254 4865819.872280 63.442993 0.299400
32392925.147509 4865797.649907 78.506012 0.300100
32392924.968138 4865786.538721 79.023987 0.301000
32392924.609395 4865764.316349 80.069000 0.334300
32392924.430024 4865753.205163 85.153992 0.393300
32392924.071284 4865730.982792 99.997986 0.306300
32392923.891914 4865719.871607 99.596008 0.299000
32392923.712545 4865708.760422 99.980011 0.298700
32392923.353807 4865686.538052 101.785004 0.298700
32392923.174438 4865675.426867 107.082001 0.306700
32392922.815702 4865653.204499 119.752991 0.368900
32392922.636335 4865642.093315 119.671997 0.302800
32392922.277601 4865619.870948 120.562988 0.299900
32392922.098235 4865608.759764 121.437988 0.299400
32392921.918868 4865597.648581 128.167999 0.299500
32392921.560137 4865575.426215 135.920013 0.299800
32392921.380772 4865564.315033 136.036011 0.300000
32392959.963213 4865963.799181 45.858002 0.300000
32392959.604568 4865941.576804 44.964005 0.300000
32392959.425246 4865930.465615 45.052994 0.300000
32392959.066603 4865908.243238 44.923996 0.300000
32392958.887281 4865897.132050 46.485992 0.300000
32392958.528640 4865874.909674 50.794006 0.300000
32392958.349320 4865863.798487 50.934998 0.300000
32392958.170000 4865852.687299 54.932999 0.299800
32392957.811361 4865830.464925 64.365997 0.299600
32392957.632042 4865819.353738 69.135986 0.299400
32392957.273406 4865797.131365 68.950012 0.299700
32392957.094088 4865786.020179 73.084015 0.303600
32392956.735453 4865763.797807 79.074005 0.405900
32392956.556136 4865752.686621 80.204987 0.352300
32392956.197503 4865730.464250 93.195007 0.304500
32392956.018187 4865719.353065 100.497009 0.298900
32392955.838872 4865708.241880 99.260986 0.298500
32392955.480241 4865686.019511 100.417999 0.298800
32392955.300927 4865674.908326 106.002991 0.299100
32392954.942299 4865652.685958 119.066010 0.301900
32392954.762985 4865641.574774 118.938995 0.300000
32392954.404359 4865619.352407 120.740997 0.299600
32392954.225046 4865608.241223 119.493988 0.299500
32392954.045734 4865597.130040 120.234985 0.299600
32392953.687110 4865574.907675 121.587006 0.299900
32392953.507799 4865563.796492 125.408997 0.300000
32392992.088302 4865963.280794 39.539993 0.300000
32392991.729764 4865941.058416 43.496002 0.300000
32392991.550496 4865929.947228 44.757996 0.300000
32392991.191960 4865907.724851 44.804993 0.300000
32392991.012693 4865896.613663 44.860001 0.300000
32392990.654159 4865874.391287 47.473999 0.300000
32392990.474893 4865863.280100 48.035995 0.300000
32392990.295627 4865852.168912 51.925003 0.299900
32392989.937096 4865829.946538 60.067993 0.299700
32392989.757831 4865818.835352 63.200989 0.299500
32392989.399302 4865796.612979 68.476013 0.299500
32392989.220038 4865785.501792 70.131012 0.303000
32392988.861511 4865763.279421 78.415985 0.361400
32392988.682248 4865752.168235 78.285004 0.306300
32392988.323722 4865729.945864 85.459015 0.299000
32392988.144460 4865718.834679 94.302002 0.298800
32392987.965199 4865707.723494 99.046997 0.298700
32392987.606676 4865685.501125 99.381989 0.298800
32392987.427415 4865674.389940 102.897003 0.299200
32392987.068895 4865652.167572 119.145996 0.299400
32392986.889635 4865641.056388 118.295990 0.299600
32392986.531116 4865618.834021 119.640991 0.299500
32392986.351857 4865607.722838 119.074005 0.299600
32392986.172599 4865596.611655 119.524994 0.299800
32392985.814083 4865574.389290 119.837006 0.299900
32392985.634826 4865563.278107 119.075012 0.300000
32393024.213390 4865962.762562 39.194000 0.300000
32393023.854960 4865940.540184 43.059998 0.300000
32393023.675746 4865929.428996 44.462006 0.300000
32393023.317318 4865907.206619 44.222000 0.300000
32393023.138104 4865896.095431 44.311005 0.300000
32393022.779678 4865873.873056 45.550995 0.300000
32393022.600466 4865862.761869 46.048996 0.300000
32393022.421254 4865851.650681 46.774994 0.299900
32393022.062830 4865829.428307 58.187012 0.299800
32393021.883619 4865818.317121 63.213013 0.299600
32393021.525198 4865796.094748 69.338013 0.299600
32393021.345987 4865784.983562 68.829010 0.299600
32393020.987568 4865762.761190 78.769012 0.302600
32393020.808359 4865751.650004 78.063995 0.299200
32393020.449941 4865729.427634 80.399994 0.299300
32393020.270733 4865718.316449 87.949005 0.299300
32393020.091525 4865707.205264 97.359985 0.299200
32393019.733110 4865684.982895 99.016998 0.299300
32393019.553903 4865673.871710 100.799988 0.299500
32393019.195490 4865651.649342 116.877014 0.299500
32393019.016284 4865640.538159 117.604004 0.299600
32393018.657874 4865618.315792 119.157989 0.299700
32393018.478669 4865607.204609 118.002991 0.299800
32393018.299464 4865596.093426 119.665009 0.299900
32393017.941056 4865573.871060 118.993011 0.300000
32393017.761852 4865562.759878 118.880005 0.300000
32393056.338478 4865962.244486 39.214005 0.300000
32393055.980156 4865940.022108 41.117004 0.300000
32393055.800995 4865928.910920 44.473999 0.300000
32393055.442675 4865906.688544 44.434006 0.300000
32393055.263516 4865895.577356 44.542999 0.300000
32393054.905197 4865873.354980 48.147995 0.300000
32393054.726039 4865862.243793 48.003006 0.300000
32393054.546880 4865851.132606 48.423996 0.300000
32393054.188564 4865828.910232 52.889008 0.300000
32393054.009407 4865817.799045 60.088989 0.299900
32393053.651093 4865795.576673 67.119995 0.299700
32393053.471937 4865784.465487 69.587006 0.299500
32393053.113625 4865762.243115 71.240997 0.299000
32393052.934470 4865751.131930 79.338013 0.299200
32393052.576160 4865728.909559 78.704010 0.299500
32393052.397006 4865717.798374 83.661987 0.299700
32393052.217852 4865706.687189 92.377014 0.299900
32393051.859544 4865684.464820 98.901001 0.299900
32393051.680391 4865673.353636 100.503998 0.299900
32393051.322086 4865651.131268 115.528992 0.299800
32393051.142934 4865640.020085 117.134003 0.299900
32393050.784631 4865617.797718 118.346008 0.299900
32393050.605480 4865606.686535 117.372009 0.300000
32393050.426329 4865595.575352 117.869995 0.300000
32393050.068028 4865573.352986 118.865997 0.300000
32393049.888878 4865562.241804 118.579987 0.300000
32392261.242487 4865975.112621 -58.529999 0.400000
32392260.881499 4865952.890240 -59.130005 0.400000
32392260.701006 4865941.779050 -59.830002 0.400000
32392260.340021 4865919.556670 -60.026993 0.400000
32392260.159529 4865908.445481 -58.059006 0.400000
32392259.798545 4865886.223102 -51.904007 0.400000
32392259.618054 4865875.111913 -43.075012 0.400000
32392259.437563 4865864.000724 -40.683990 0.400000
32392259.076583 4865841.778346 -39.063995 0.400100
32392258.896093 4865830.667158 -35.005005 0.400000
32392258.535114 4865808.444782 -26.621002 0.400000
32392258.354625 4865797.333594 -26.321014 0.400000
32392257.993649 4865775.111219 -26.226990 0.400000
32392257.813161 4865764.000032 -24.154999 0.400000
32392257.452186 4865741.777658 -9.769989 0.400000
32392257.271699 4865730.666471 -3.640991 0.400000
32392257.091213 4865719.555284 -4.859985 0.400000
32392256.730240 4865697.332912 -4.635010 0.400000
32392256.549755 4865686.221726 -4.290985 0.400000
32392256.188785 4865663.999355 -3.748993 0.400000
32392256.008300 4865652.888169 -3.869995 0.400000
32392255.647332 4865630.665799 -0.196991 0.400000
32392255.466848 4865619.554614 2.028992 0.400000
32392255.286365 4865608.443429 5.230011 0.400000
32392254.925400 4865586.221060 6.437988 0.400000
32392254.744917 4865575.109876 7.196991 0.400000
32392293.367580 4865974.590848 -58.904999 0.400000
32392293.006700 4865952.368467 -59.776993 0.400000
32392292.826261 4865941.257277 -60.113998 0.400000
32392292.465383 4865919.034897 -58.149994 0.400000
32392292.284945 4865907.923708 -58.020004 0.399900
32392291.924069 4865885.701329 -40.968994 0.399900
32392291.743632 4865874.590140 -41.001007 0.399900
32392291.563195 4865863.478951 -40.687012 0.400000
32392291.202322 4865841.256574 -29.709015 0.400000
32392291.021886 4865830.145386 -26.466003 0.399900
32392290.661015 4865807.923010 -26.148987 0.399900
32392290.480580 4865796.811822 -25.997009 0.399800
32392290.119711 4865774.589447 -19.153015 0.399800
32392289.939277 4865763.478260 -12.485992 0.399800
32392289.578410 4865741.255886 -3.035004 0.399800
32392289.397977 4865730.144699 -3.022003 0.399900
32392289.217544 4865719.033513 -2.963989 0.399900
32392288.856679 4865696.811141 -2.807007 0.399900
32392288.676248 4865685.699955 -2.049011 0.399800
32392288.315385 4865663.477583 5.812988 0.399700
32392288.134954 4865652.366398 10.449005 0.399600
32392287.774094 4865630.144028 17.972992 0.399600
32392287.593664 4865619.032843 18.010010 0.399600
32392287.413235 4865607.921658 18.041992 0.399700
32392287.052377 4865585.699290 17.963989 0.399900
32392286.871949 4865574.588106 17.752014 0.400000
32392325.492672 4865974.069231 -59.143005 0.400000
32392325.131901 4865951.846850 -59.850998 0.400000
32392324.951515 4865940.735660 -60.225998 0.399900
32392324.590745 4865918.513280 -58.115005 0.399800
32392324.410361 4865907.402091 -52.985992 0.399700
32392324.049593 4865885.179712 -41.263000 0.399600
32392323.869209 4865874.068523 -40.964996 0.399600
32392323.688826 4865862.957335 -39.348999 0.399700
32392323.328061 4865840.734958 -26.272003 0.399700
32392323.147678 4865829.623769 -26.703003 0.399700
32392322.786915 4865807.401393 -25.183014 0.399600
32392322.606534 4865796.290206 -20.334991 0.399500
32392322.245773 4865774.067831 -5.989990 0.399400
32392322.065392 4865762.956644 -2.558990 0.399400
32392321.704633 4865740.734270 -1.575989 0.399500
32392321.524254 4865729.623083 -1.226990 0.399600
32392321.343875 4865718.511897 -1.203003 0.399700
32392320.983118 4865696.289525 3.207001 0.399600
32392320.802740 4865685.178339 10.022003 0.399400
32392320.441985 4865662.955968 18.063995 0.399200
32392320.261609 4865651.844783 18.022003 0.399100
32392319.900856 4865629.622413 17.813995 0.399200
32392319.720480 4865618.511228 18.816986 0.399300
32392319.540104 4865607.400043 17.993011 0.399400
32392319.179354 4865585.177675 23.812012 0.399700
32392318.998980 4865574.066491 25.153992 0.400000
32392357.617765 4865973.547769 -58.882996 0.400000
32392357.257101 4865951.325388 -60.212997 0.399900
32392357.076769 4865940.214198 -60.315994 0.399700
32392356.716107 4865917.991819 -55.419006 0.399500
32392356.535776 4865906.880629 -46.539001 0.399400
32392356.175116 4865884.658251 -41.268005 0.399200
32392355.994786 4865873.547062 -40.925995 0.399100
32392355.814457 4865862.435873 -39.458008 0.399200
32392355.453799 4865840.213497 -26.385010 0.399300
32392355.273471 4865829.102308 -26.309998 0.399300
32392354.912815 4865806.879933 -23.362000 0.399200
32392354.732488 4865795.768745 -15.859009 0.399200
32392354.371834 4865773.546370 -1.601013 0.399200
32392354.191508 4865762.435183 -1.476990 0.399000
32392353.830856 4865740.212810 -1.041992 0.399000
32392353.650531 4865729.101623 0.407989 0.399200
32392353.470206 4865717.990437 7.933014 0.399300
32392353.109557 4865695.768065 18.088013 0.399200
32392352.929233 4865684.656879 17.880005 0.398900
32392352.568586 4865662.434508 17.652008 0.398700
32392352.388262 4865651.323323 18.595001 0.398800
32392352.027617 4865629.100953 25.250000 0.398800
32392351.847295 4865617.989768 29.813995 0.399100
32392351.666974 4865606.878584 36.272003 0.399200
32392351.306331 4865584.656215 36.240997 0.399500
32392351.126010 4865573.545031 36.334991 0.399900
32392389.742857 4865973.026463 -60.350998 0.400000
32392389.382301 4865950.804082 -60.427994 0.399800
32392389.202023 4865939.692892 -59.033997 0.399500
32392388.841469 4865917.470513 -50.733002 0.399300
32392388.661192 4865906.359324 -42.627014 0.399200
32392388.300639 4865884.136945 -41.306000 0.399000
32392388.120363 4865873.025757 -40.317993 0.398700
32392387.940088 4865861.914568 -35.138000 0.398600
32392387.579538 4865839.692191 -25.803986 0.398600
32392387.399263 4865828.581003 -25.446991 0.398700
32392387.038715 4865806.358627 -17.084991 0.398800
32392386.858442 4865795.247440 -9.057007 0.399000
32392386.497896 4865773.025065 -1.725006 0.397900
32392386.317623 4865761.913878 -1.170990 0.398800
32392385.957079 4865739.691505 7.195007 0.398600
32392385.776808 4865728.580319 14.497009 0.398600
32392385.596536 4865717.469132 17.407013 0.398600
32392385.235995 4865695.246760 17.669006 0.398600
32392385.055725 4865684.135575 17.955994 0.398300
32392384.695185 4865661.913204 23.020996 0.398200
32392384.514916 4865650.802019 28.875000 0.398100
32392384.154379 4865628.579649 36.104004 0.400200
32392383.974110 4865617.468464 36.076996 0.398900
32392383.793843 4865606.357280 36.088013 0.399100
32392383.433308 4865584.134912 36.006012 0.399400
32392383.253041 4865573.023728 35.925995 0.399800
32392421.867950 4865972.505312 -60.449997 0.400000
32392421.507501 4865950.282932 -60.541000 0.399700
32392421.327277 4865939.171742 -58.632996 0.399400
32392420.966830 4865916.949363 -47.945999 0.399300
32392420.786607 4865905.838174 -41.946991 0.399200
32392420.426162 4865883.615796 -41.928986 0.396600
32392420.245940 4865872.504607 -39.984009 0.398400
32392420.065718 4865861.393418 -33.161987 0.398100
32392419.705276 4865839.171042 -24.777008 0.398000
32392419.525055 4865828.059854 -24.915985 0.398000
32392419.164615 4865805.837478 -13.489014 0.398200
32392418.984395 4865794.726291 -6.041992 0.397400
32392418.623957 4865772.503916 -2.007996 0.398000
32392418.443738 4865761.392729 -0.181000 0.397200
32392418.083302 4865739.170356 14.372009 0.398100
32392417.903084 4865728.059170 16.846008 0.397900
32392417.722867 4865716.947983 17.001007 0.397800
32392417.362433 4865694.725612 18.444000 0.397600
32392417.182217 4865683.614426 22.364014 0.397400
32392416.821785 4865661.392055 36.954987 0.397300
32392416.641570 4865650.280870 36.475006 0.400500
32392416.281140 4865628.058501 35.997986 0.422000
32392416.100925 4865616.947316 35.850006 0.398800
32392415.920711 4865605.836132 35.764008 0.398900
32392415.560284 4865583.613764 35.990997 0.399300
32392415.380071 4865572.502580 36.104004 0.399800
32392453.993042 4865971.984317 -60.367004 0.400000
32392453.632700 4865949.761937 -60.369995 0.399600
32392453.452530 4865938.650747 -58.296997 0.399300
32392453.092191 4865916.428368 -48.404007 0.399200
32392452.912022 4865905.317179 -43.365997 0.397000
32392452.551685 4865883.094801 -41.832001 0.385800
32392452.371517 4865871.983613 -38.312012 0.398400
32392452.191349 4865860.872424 -31.475006 0.397200
32392451.831014 4865838.650048 -24.566986 0.397200
32392451.650847 4865827.538860 -24.446014 0.397200
32392451.290515 4865805.316484 -10.587006 0.397300
32392451.110349 4865794.205297 -1.442993 0.397800
32392450.750018 4865771.982923 -2.041992 0.403100
32392450.569853 4865760.871736 -0.194000 0.401100
32392450.209525 4865738.649363 14.031006 0.396600
32392450.029361 4865727.538176 16.903015 0.397200
32392449.849197 4865716.426990 16.868988 0.397100
32392449.488871 4865694.204619 17.901001 0.396800
32392449.308709 4865683.093433 22.937012 0.396900
32392448.948384 4865660.871062 37.178986 0.396600
32392448.768223 4865649.759877 36.308990 0.405200
32392448.407901 4865627.537508 36.139008 0.401800
32392448.227740 4865616.426324 35.860992 0.398300
32392448.047580 4865605.315139 36.000000 0.398700
32392447.687261 4865583.092771 36.046997 0.399200
32392447.507101 4865571.981588 36.260010 0.399800
32392478.086861 4865971.593673 -60.244003 0.400000
32392477.726600 4865949.371293 -60.194000 0.399600
32392477.546470 4865938.260104 -57.876999 0.399300
32392477.186212 4865916.037725 -47.649002 0.399100
32392477.006083 4865904.926536 -44.766006 0.399000
32392476.645827 4865882.704158 -40.061005 0.396700
32392476.465699 4865871.592969 -40.240997 0.387300
32392476.285571 4865860.481781 -34.792999 0.400400
32392475.925317 4865838.259404 -24.149994 0.397200
32392475.745191 4865827.148216 -23.997986 0.396200
32392475.384939 4865804.925841 -12.532989 0.396700
32392475.204814 4865793.814654 -3.748993 0.396500
32392474.844564 4865771.592280 -2.281006 0.395300
32392474.664439 4865760.481093 -1.834015 0.399400
32392474.304191 4865738.258720 11.747009 0.398200
32392474.124068 4865727.147534 17.441986 0.398800
32392473.943945 4865716.036347 17.023987 0.396000
32392473.583699 4865693.813976 18.316010 0.396400
32392473.403577 4865682.702790 20.941010 0.396000
32392473.043334 4865660.480420 37.666992 0.397400
32392472.863213 4865649.369235 36.641998 0.401100
32392472.502971 4865627.146866 36.101013 0.397200
32392472.322851 4865616.035681 36.023010 0.398200
32392472.142731 4865604.924497 36.170013 0.398600
32392471.782493 4865582.702129 36.678986 0.399200
32392471.602374 4865571.590946 36.640015 0.399800
32392510.211952 4865971.072951 -59.707001 0.400000
32392509.851799 4865948.850571 -59.904999 0.399700
32392509.671723 4865937.739381 -58.095993 0.399400
32392509.311573 4865915.517003 -47.399002 0.399000
32392509.131498 4865904.405814 -46.871994 0.398800
32392508.771349 4865882.183436 -39.812988 0.398600
32392508.591275 4865871.072247 -40.024994 0.397600
32392508.411201 4865859.961059 -33.906006 0.399600
32392508.051055 4865837.738683 -23.903992 0.446800
32392507.870983 4865826.627495 -23.773987 0.399100
32392507.510838 4865804.405120 -14.621002 0.395500
32392507.330767 4865793.293932 -6.372986 0.395800
32392506.970624 4865771.071558 -1.493988 0.397400
32392506.790554 4865759.960372 -1.278992 0.395800
32392506.430414 4865737.737999 8.998993 0.396200
32392506.250344 4865726.626813 17.195007 0.401400
32392506.070275 4865715.515627 18.627014 0.396800
32392505.710137 4865693.293255 19.510010 0.395500
32392505.530069 4865682.182070 23.881989 0.395000
32392505.169933 4865659.959700 38.334015 0.414500
32392504.989866 4865648.848515 36.794006 0.401000
32392504.629732 4865626.626145 36.450989 0.397400
32392504.449666 4865615.514961 36.471008 0.398000
32392504.269600 4865604.403777 36.701996 0.398700
32392503.909469 4865582.181409 36.515015 0.399300
32392503.729404 4865571.070226 36.653992 0.399900
32392542.337044 4865970.552384 -59.063995 0.400000
32392541.976998 4865948.330004 -59.209000 0.399900
32392541.796976 4865937.218815 -57.203003 0.399600
32392541.436933 4865914.996436 -47.921005 0.399200
32392541.256912 4865903.885247 -48.557007 0.398900
32392540.896871 4865881.662870 -39.582001 0.398700
32392540.716851 4865870.551681 -40.098999 0.398400
32392540.536831 4865859.440493 -33.502014 0.397600
32392540.176793 4865837.218117 -23.669006 0.397700
32392539.996774 4865826.106929 -23.600006 0.410900
32392539.636737 4865803.884554 -13.984985 0.396800
32392539.456720 4865792.773367 -5.239990 0.395000
32392539.096685 4865770.550993 -1.420990 0.394800
32392538.916668 4865759.439806 -1.244995 0.395800
32392538.556636 4865737.217434 9.403992 0.395500
32392538.376620 4865726.106247 17.822998 0.396400
32392538.196604 4865714.995062 20.404999 0.396300
32392537.836574 4865692.772690 20.036987 0.395000
32392537.656560 4865681.661505 22.761993 0.396000
32392537.296532 4865659.439135 37.670990 0.477000
32392537.116518 4865648.327950 36.346985 0.396600
32392536.756492 4865626.105581 36.196991 0.396600
32392536.576480 4865614.994397 36.420990 0.398000
32392536.396468 4865603.883213 36.377991 0.398800
32392536.036444 4865581.660845 36.203003 0.399400
32392535.856433 4865570.549662 36.367004 0.400000
32392574.462135 4865970.031973 -58.225998 0.400000
32392574.102197 4865947.809593 -58.494995 0.399900
32392573.922229 4865936.698404 -56.632996 0.399800
32392573.562294 4865914.476025 -50.487000 0.399500
32392573.382326 4865903.364836 -50.539001 0.399200
32392573.022393 4865881.142459 -38.911011 0.399000
32392572.842427 4865870.031271 -39.954010 0.398700
32392572.662461 4865858.920082 -36.347992 0.398200
32392572.302530 4865836.697706 -22.851990 0.397400
32392572.122565 4865825.586519 -22.669006 0.396400
32392571.762636 4865803.364144 -14.885986 0.401400
32392571.582672 4865792.252957 -6.596985 0.402000
32392571.222745 4865770.030583 -0.911987 0.396100
32392571.042782 4865758.919397 -0.697998 0.394900
32392570.682857 4865736.697024 8.183014 0.395400
32392570.502895 4865725.585838 16.785004 0.395100
32392570.322934 4865714.474652 20.188995 0.396800
32392569.963012 4865692.252281 19.980011 0.394300
32392569.783051 4865681.141096 22.480988 0.431100
32392569.423131 4865658.918726 38.058014 0.422700
32392569.243171 4865647.807541 36.502991 0.397500
32392568.883253 4865625.585172 36.769989 0.397000
32392568.703294 4865614.473988 36.665985 0.398000
32392568.523336 4865603.362804 36.424011 0.398900
32392568.163420 4865581.140436 36.355988 0.399500
32392567.983462 4865570.029253 36.683990 0.400000
32392606.587226 4865969.511718 -57.242996 0.400000
32392606.227396 4865947.289338 -57.526001 0.400000
32392606.047482 4865936.178149 -55.466003 0.399900
32392605.687654 4865913.955770 -52.218994 0.399700
32392605.507740 4865902.844581 -52.268997 0.399500
32392605.147915 4865880.622204 -40.463989 0.399300
32392604.968002 4865869.511016 -39.585999 0.399000
32392604.788090 4865858.399828 -37.087006 0.398500
32392604.428267 4865836.177452 -21.954010 0.397800
32392604.248356 4865825.066264 -22.131989 0.397000
32392603.888535 4865802.843890 -17.270996 0.395600
32392603.708625 4865791.732703 -8.257996 0.400300
32392603.348805 4865769.510329 -0.451996 0.469000
32392603.168896 4865758.399142 -0.118988 0.396000
32392602.809079 4865736.176770 6.100006 0.395000
32392602.629171 4865725.065584 14.395996 0.394800
32392602.449263 4865713.954398 21.437988 0.393500
32392602.089448 4865691.732027 20.300995 0.402000
32392601.909542 4865680.620842 25.062988 0.482900
32392601.549729 4865658.398472 37.579987 0.400400
32392601.369823 4865647.287288 35.721008 0.396600
32392601.010013 4865625.064919 35.824005 0.396900
32392600.830108 4865613.953735 36.216003 0.398100
32392600.650203 4865602.842551 36.617004 0.398900
32392600.290395 4865580.620183 36.282989 0.399400
32392600.110492 4865569.509000 36.782989 0.399900
32392638.712317 4865968.991618 -56.005997 0.400000
32392638.352594 4865946.769239 -56.044006 0.400000
32392638.172734 4865935.658049 -54.723999 0.400000
32392637.813014 4865913.435671 -53.826004 0.399900
32392637.633154 4865902.324482 -54.039993 0.399700
32392637.273436 4865880.102105 -42.169006 0.399500
32392637.093578 4865868.990917 -39.385010 0.399300
32392636.913719 4865857.879729 -37.734985 0.398900
32392636.554004 4865835.657353 -21.175995 0.398100
32392636.374147 4865824.546165 -21.871002 0.397200
32392636.014433 4865802.323791 -18.032013 0.396400
32392635.834577 4865791.212604 -8.829987 0.394600
32392635.474865 4865768.990230 -0.071991 0.448200
32392635.295010 4865757.879044 0.048004 0.393900
32392634.935300 4865735.656672 6.127991 0.394700
32392634.755446 4865724.545486 14.529999 0.394900
32392634.575592 4865713.434300 21.968994 0.396100
32392634.215885 4865691.211929 20.933014 0.466300
32392634.036032 4865680.100744 26.489990 0.404200
32392633.676327 4865657.878374 35.204987 0.395000
32392633.496475 4865646.767190 34.825989 0.396200
32392633.136772 4865624.544821 34.440002 0.397500
32392632.956921 4865613.433637 36.420013 0.398300
32392632.777071 4865602.322453 36.750000 0.398800
32392632.417370 4865580.100086 36.263000 0.399300
32392632.237521 4865568.988903 36.998993 0.399800
32392670.837407 4865968.471674 -54.449997 0.400000
32392670.477793 4865946.249295 -54.492004 0.400000
32392670.297986 4865935.138105 -54.434998 0.400000
32392669.938374 4865912.915727 -52.964005 0.399900
32392669.758568 4865901.804538 -54.990005 0.399800
32392669.398957 4865879.582161 -44.272003 0.399600
32392669.219153 4865868.470973 -39.380005 0.399400
32392669.039348 4865857.359785 -38.842987 0.399100
32392668.679741 4865835.137410 -23.020996 0.398500
32392668.499937 4865824.026222 -21.644989 0.397500
32392668.140331 4865801.803848 -15.618011 0.396700
32392667.960529 4865790.692661 -7.212006 0.396200
32392667.600925 4865768.470288 0.295990 0.449400
32392667.421124 4865757.359101 0.484985 0.397000
32392667.061522 4865735.136729 5.587006 0.393800
32392666.881721 4865724.025543 13.645996 0.394100
32392666.701921 4865712.914358 22.583008 0.398600
32392666.342322 4865690.691987 21.242004 0.465900
32392666.162523 4865679.580802 21.302002 0.395900
32392665.802925 4865657.358432 33.997986 0.394400
32392665.623127 4865646.247248 33.438995 0.395700
32392665.263532 4865624.024879 33.294006 0.397600
32392665.083735 4865612.913695 37.427002 0.398700
32392664.903938 4865601.802512 36.658997 0.399000
32392664.544345 4865579.580145 36.217011 0.399300
32392664.364549 4865568.468961 36.553009 0.399700
32392702.962498 4865967.951885 -52.384003 0.400000
32392702.602991 4865945.729506 -53.975006 0.400000
32392702.423238 4865934.618317 -54.054993 0.400000
32392702.063733 4865912.395939 -54.261002 0.399900
32392701.883981 4865901.284750 -53.667999 0.399800
32392701.524479 4865879.062374 -42.148010 0.399600
32392701.344728 4865867.951185 -40.561005 0.399400
32392701.164977 4865856.839997 -38.463013 0.399300
32392700.805477 4865834.617622 -21.845001 0.398900
32392700.625727 4865823.506435 -21.747986 0.397900
32392700.266229 4865801.284060 -16.914001 0.397000
32392700.086481 4865790.172874 -8.026001 0.401400
32392699.726984 4865767.950500 0.554993 0.443700
32392699.547237 4865756.839314 0.519012 0.395800
32392699.187743 4865734.616942 11.661011 0.393600
32392699.007996 4865723.505756 21.196991 0.393700
32392698.828250 4865712.394571 21.903015 0.403200
32392698.468758 4865690.172200 23.178986 0.438500
32392698.289013 4865679.061015 21.292999 0.394100
32392697.929523 4865656.838646 32.527008 0.395200
32392697.749779 4865645.727461 32.204987 0.396800
32392697.390291 4865623.505093 31.958008 0.395900
32392697.210548 4865612.393909 33.881989 0.398300
32392697.030805 4865601.282725 36.825012 0.399200
32392696.671320 4865579.060359 36.237000 0.399300
32392696.491578 4865567.949175 36.212006 0.399600
32392735.087588 4865967.432253 -54.524994 0.400000
32392734.728189 4865945.209874 -54.248001 0.400000
32392734.548490 4865934.098684 -54.091003 0.400000
32392734.189093 4865911.876307 -54.065994 0.399900
32392734.009395 4865900.765118 -52.567993 0.399800
32392733.649999 4865878.542741 -41.266998 0.399600
32392733.470302 4865867.431553 -41.498993 0.399400
32392733.290606 4865856.320365 -36.279999 0.399300
32392732.931213 4865834.097990 -22.023987 0.398900
32392732.751518 4865822.986803 -22.131012 0.395300
32392732.392127 4865800.764429 -15.466003 0.396800
32392732.212432 4865789.653242 -6.691010 0.395900
32392731.853044 4865767.430869 1.147003 0.394500
32392731.673350 4865756.319683 1.100006 0.393700
32392731.313963 4865734.097311 13.454987 0.394600
32392731.134271 4865722.986125 22.006012 0.394900
32392730.954578 4865711.874940 21.886993 0.442000
32392730.595194 4865689.652569 22.251007 0.426800
32392730.415503 4865678.541384 21.960999 0.394300
32392730.056121 4865656.319015 31.800995 0.395300
32392729.876430 4865645.207831 30.779999 0.396700
32392729.517050 4865622.985462 30.118011 0.397400
32392729.337361 4865611.874279 31.648987 0.400400
32392729.157672 4865600.763095 38.079987 0.398500
32392728.798294 4865578.540728 35.885010 0.399300
32392728.618606 4865567.429545 36.446991 0.399600
32392767.212678 4865966.912775 -55.707993 0.400000
32392766.853386 4865944.690397 -54.072998 0.400000
32392766.673741 4865933.579207 -53.865997 0.400000
32392766.314452 4865911.356830 -53.841995 0.400000
32392766.134808 4865900.245641 -51.276001 0.399800
32392765.775520 4865878.023265 -41.408997 0.399600
32392765.595877 4865866.912077 -39.399994 0.399400
32392765.416234 4865855.800889 -31.234985 0.399200
32392765.056949 4865833.578514 -22.579987 0.398900
32392764.877307 4865822.467327 -22.627014 0.398200
32392764.518025 4865800.244953 -11.040009 0.397400
32392764.338384 4865789.133766 -2.700989 0.396300
32392763.979103 4865766.911393 0.812012 0.405900
32392763.799463 4865755.800207 1.067993 0.394600
32392763.440184 4865733.577835 12.565002 0.394900
32392763.260545 4865722.466650 21.347992 0.395300
32392763.080906 4865711.355464 21.862000 0.428800
32392762.721630 4865689.133094 22.739014 0.424500
32392762.541993 4865678.021909 21.497986 0.394600
32392762.182718 4865655.799540 30.670990 0.395400
32392762.003082 4865644.688356 29.027008 0.397000
32392761.643809 4865622.465987 28.608002 0.397900
32392761.464174 4865611.354804 30.132996 0.398500
32392761.284538 4865600.243620 37.264008 0.399000
32392760.925269 4865578.021254 35.923004 0.399300
32392760.745634 4865566.910071 35.835999 0.399700
32392799.337767 4865966.393454 -55.076004 0.400000
32392798.978584 4865944.171075 -53.826996 0.400000
32392798.798992 4865933.059886 -52.751999 0.400000
32392798.439811 4865910.837509 -52.322998 0.400000
32392798.260220 4865899.726320 -45.686996 0.399900
32392797.901041 4865877.503944 -41.433014 0.399700
32392797.721451 4865866.392756 -36.179993 0.399400
32392797.541862 4865855.281568 -27.105011 0.399200
32392797.182685 4865833.059193 -23.233002 0.399000
32392797.003097 4865821.948006 -22.545013 0.398500
32392796.643922 4865799.725632 -6.237000 0.397800
32392796.464335 4865788.614446 1.040009 0.396900
32392796.105162 4865766.392073 1.000000 0.414500
32392795.925576 4865755.280887 1.355988 0.395500
32392795.566404 4865733.058515 7.040985 0.394800
32392795.386819 4865721.947330 14.782989 0.394400
32392795.207235 4865710.836144 22.156006 0.434500
32392794.848066 4865688.613774 22.023987 0.410000
32392794.668482 4865677.502589 22.600006 0.394500
32392794.309316 4865655.280220 27.852997 0.396300
32392794.129733 4865644.169036 27.343994 0.397200
32392793.770568 4865621.946668 26.311005 0.398000
32392793.590986 4865610.835485 29.390991 0.398500
32392793.411405 4865599.724301 38.151001 0.398900
32392793.052243 4865577.501935 35.886993 0.399300
32392792.872662 4865566.390752 36.175995 0.399800
32392831.462857 4865965.874288 -55.110992 0.400000
32392831.103781 4865943.651910 -53.740997 0.400000
32392830.924244 4865932.540721 -53.307007 0.400000
32392830.565170 4865910.318343 -46.660004 0.400000
32392830.385633 4865899.207155 -41.007996 0.400000
32392830.026561 4865876.984779 -41.273010 0.399800
32392829.847025 4865865.873591 -35.433014 0.399600
32392829.667490 4865854.762403 -26.667999 0.399300
32392829.308421 4865832.540028 -23.600006 0.399000
32392829.128887 4865821.428841 -23.437988 0.398600
32392828.769819 4865799.206467 -9.181000 0.398200
32392828.590286 4865788.095281 -1.057007 0.397300
32392828.231220 4865765.872908 0.852997 0.399800
32392828.051688 4865754.761722 1.092987 0.395700
32392827.692625 4865732.539351 1.416992 0.395400
32392827.513093 4865721.428165 3.222992 0.394600
32392827.333562 4865710.316980 9.651001 0.401800
32392826.974501 4865688.094610 22.169006 0.412500
32392826.794971 4865676.983425 21.817993 0.365200
32392826.435913 4865654.761057 21.838013 0.396300
32392826.256384 4865643.649872 23.321991 0.397800
32392825.897327 4865621.427505 24.019012 0.398200
32392825.717799 4865610.316321 28.296997 0.398600
32392825.538271 4865599.205138 35.957001 0.399000
32392825.179217 4865576.982771 35.904999 0.399400
32392824.999690 4865565.871588 36.566010 0.400000
32392863.587946 4865965.355278 -53.656998 0.400000
32392863.228978 4865943.132900 -53.787003 0.400000
32392863.049494 4865932.021711 -49.972000 0.400000
32392862.690528 4865909.799333 -42.125000 0.400000
32392862.511045 4865898.688145 -41.898987 0.400000
32392862.152081 4865876.465769 -41.582001 0.399900
32392861.972599 4865865.354581 -38.841003 0.399800
32392861.793118 4865854.243394 -30.494995 0.399500
32392861.434156 4865832.021019 -23.691010 0.399200
32392861.254676 4865820.909832 -23.809998 0.398800
32392860.895716 4865798.687458 -21.186005 0.398400
32392860.716237 4865787.576272 -16.903992 0.397800
32392860.357279 4865765.353899 -4.489014 0.397500
32392860.177800 4865754.242713 1.001007 0.396300
32392859.818845 4865732.020342 1.054993 0.395000
32392859.639367 4865720.909157 0.984985 0.400300
32392859.459890 4865709.797972 1.152008 0.395200
32392859.100937 4865687.575602 12.213013 0.395200
32392858.921461 4865676.464417 19.708008 0.402100
32392858.562509 4865654.242048 20.713989 0.397700
32392858.383034 4865643.130864 21.238007 0.398300
32392858.024085 4865620.908497 21.253998 0.398500
32392857.844611 4865609.797313 26.036011 0.398800
32392857.665137 4865598.686130 34.572998 0.399200
32392857.306190 4865576.463764 35.875000 0.399600
32392857.126718 4865565.352581 36.326996 0.400000
32392895.713036 4865964.836423 -53.194000 0.400000
32392895.354175 4865942.614045 -53.404999 0.400000
32392895.174745 4865931.502856 -51.382996 0.400000
32392894.815886 4865909.280479 -41.174988 0.400000
32392894.636458 4865898.169291 -42.131989 0.400000
32392894.277601 4865875.946915 -41.746002 0.400000
32392894.098173 4865864.835727 -41.697998 0.399900
32392893.918746 4865853.724540 -41.519989 0.399700
32392893.559891 4865831.502165 -32.953003 0.399400
32392893.380465 4865820.390978 -27.039001 0.399000
32392893.021613 4865798.168605 -22.161011 0.398600
32392892.842187 4865787.057419 -21.903015 0.398300
32392892.483337 4865764.835046 -18.578003 0.397400
32392892.303912 4865753.723860 -10.317993 0.396200
32392891.945064 4865731.501489 0.105011 0.397700
32392891.765641 4865720.390304 -0.096985 0.396200
32392891.586217 4865709.279119 0.183990 0.396200
32392891.227372 4865687.056749 3.433990 0.396500
32392891.047950 4865675.945564 12.175995 0.402500
32392890.689106 4865653.723196 19.964996 0.407100
32392890.509685 4865642.612012 20.105988 0.398800
32392890.150843 4865620.389644 20.483002 0.398800
32392889.971423 4865609.278461 26.799988 0.399000
32392889.792003 4865598.167278 34.804993 0.399400
32392889.433164 4865575.944912 35.731995 0.399700
32392889.253745 4865564.833729 35.644989 0.400000
32392927.838125 4865964.317725 -53.809998 0.400000
32392927.479372 4865942.095347 -53.695999 0.400000
32392927.299996 4865930.984158 -53.628998 0.400000
32392926.941245 4865908.761781 -51.061996 0.400000
32392926.761870 4865897.650593 -50.697006 0.400000
32392926.403121 4865875.428217 -48.429001 0.400000
32392926.223747 4865864.317029 -47.026001 0.400000
32392926.044373 4865853.205842 -44.839996 0.399800
32392925.685626 4865830.983467 -42.746002 0.399500
32392925.506254 4865819.872280 -36.557007 0.399100
32392925.147509 4865797.649907 -21.493988 0.398800
32392924.968138 4865786.538721 -20.976013 0.398600
32392924.609395 4865764.316349 -19.931000 0.397800
32392924.430024 4865753.205163 -14.846008 0.406000
32392924.071284 4865730.982792 -0.002014 0.397100
32392923.891914 4865719.871607 -0.403992 0.397300
32392923.712545 4865708.760422 -0.019989 0.397200
32392923.353807 4865686.538052 1.785004 0.397500
32392923.174438 4865675.426867 7.082001 0.397500
32392922.815702 4865653.204499 19.752991 0.400100
32392922.636335 4865642.093315 19.671997 0.398800
32392922.277601 4865619.870948 20.562988 0.399000
32392922.098235 4865608.759764 21.437988 0.399200
32392921.918868 4865597.648581 28.167999 0.399500
32392921.560137 4865575.426215 35.920013 0.399800
32392921.380772 4865564.315033 36.036011 0.400000
32392959.963213 4865963.799181 -54.141998 0.400000
32392959.604568 4865941.576804 -55.035995 0.400000
32392959.425246 4865930.465615 -54.947006 0.400000
32392959.066603 4865908.243238 -55.076004 0.400000
32392958.887281 4865897.132050 -53.514008 0.400000
32392958.528640 4865874.909674 -49.205994 0.400000
32392958.349320 4865863.798487 -49.065002 0.400000
32392958.170000 4865852.687299 -45.067001 0.399900
32392957.811361 4865830.464925 -35.634003 0.399600
32392957.632042 4865819.353738 -30.864014 0.399300
32392957.273406 4865797.131365 -31.049988 0.398900
32392957.094088 4865786.020179 -26.915985 0.398200
32392956.735453 4865763.797807 -20.925995 0.407000
32392956.556136 4865752.686621 -19.795013 0.422500
32392956.197503 4865730.464250 -6.804993 0.397800
32392956.018187 4865719.353065 0.497009 0.397900
32392955.838872 4865708.241880 -0.739014 0.397900
32392955.480241 4865686.019511 0.417999 0.398100
32392955.300927 4865674.908326 6.002991 0.398500
32392954.942299 4865652.685958 19.066010 0.398700
32392954.762985 4865641.574774 18.938995 0.399100
32392954.404359 4865619.352407 20.740997 0.399200
32392954.225046 4865608.241223 19.493988 0.399400
32392954.045734 4865597.130040 20.234985 0.399700
32392953.687110 4865574.907675 21.587006 0.399900
32392953.507799 4865563.796492 25.408997 0.400000
32392992.088302 4865963.280794 -60.460007 0.400000
32392991.729764 4865941.058416 -56.503998 0.400000
32392991.550496 4865929.947228 -55.242004 0.400000
32392991.191960 4865907.724851 -55.195007 0.400000
32392991.012693 4865896.613663 -55.139999 0.400000
32392990.654159 4865874.391287 -52.526001 0.400000
32392990.474893 4865863.280100 -51.964005 0.400000
32392990.295627 4865852.168912 -48.074997 0.399900
32392989.937096 4865829.946538 -39.932007 0.399700
32392989.757831 4865818.835352 -36.799011 0.399400
32392989.399302 4865796.612979 -31.523987 0.399200
32392989.220038 4865785.501792 -29.868988 0.398700
32392988.861511 4865763.279421 -21.584015 0.399900
32392988.682248 4865752.168235 -21.714996 0.398000
32392988.323722 4865729.945864 -14.540985 0.398400
32392988.144460 4865718.834679 -5.697998 0.398700
32392987.965199 4865707.723494 -0.953003 0.398700
32392987.606676 4865685.501125 -0.618011 0.398800
32392987.427415 4865674.389940 2.897003 0.399000
32392987.068895 4865652.167572 19.145996 0.399100
32392986.889635 4865641.056388 18.295990 0.399300
32392986.531116 4865618.834021 19.640991 0.399400
32392986.351857 4865607.722838 19.074005 0.399600
32392986.172599 4865596.611655 19.524994 0.399900
32392985.814083 4865574.389290 19.837006 0.400000
32392985.634826 4865563.278107 19.075012 0.400000
32393024.213390 4865962.762562 -60.806000 0.400000
32393023.854960 4865940.540184 -56.940002 0.400000
32393023.675746 4865929.428996 -55.537994 0.400000
32393023.317318 4865907.206619 -55.778000 0.400000
32393023.138104 4865896.095431 -55.688995 0.400000
32393022.779678 4865873.873056 -54.449005 0.400000
32393022.600466 4865862.761869 -53.951004 0.400000
32393022.421254 4865851.650681 -53.225006 0.400000
32393022.062830 4865829.428307 -41.812988 0.399900
32393021.883619 4865818.317121 -36.786987 0.399700
32393021.525198 4865796.094748 -30.661987 0.399500
32393021.345987 4865784.983562 -31.170990 0.399300
32393020.987568 4865762.761190 -21.230988 0.399000
32393020.808359 4865751.650004 -21.936005 0.399100
32393020.449941 4865729.427634 -19.600006 0.399300
32393020.270733 4865718.316449 -12.050995 0.399200
32393020.091525 4865707.205264 -2.640015 0.399400
32393019.733110 4865684.982895 -0.983002 0.399500
32393019.553903 4865673.871710 0.799988 0.399500
32393019.195490 4865651.649342 16.877014 0.399500
32393019.016284 4865640.538159 17.604004 0.399600
32393018.657874 4865618.315792 19.157989 0.399700
32393018.478669 4865607.204609 18.002991 0.399900
32393018.299464 4865596.093426 19.665009 0.400000
32393017.941056 4865573.871060 18.993011 0.400000
32393017.761852 4865562.759878 18.880005 0.400000
32393056.338478 4865962.244486 -60.785995 0.400000
32393055.980156 4865940.022108 -58.882996 0.400000
32393055.800995 4865928.910920 -55.526001 0.400000
32393055.442675 4865906.688544 -55.565994 0.400000
32393055.263516 4865895.577356 -55.457001 0.400000
32393054.905197 4865873.354980 -51.852005 0.400000
32393054.726039 4865862.243793 -51.996994 0.400000
32393054.546880 4865851.132606 -51.576004 0.400000
32393054.188564 4865828.910232 -47.110992 0.400000
32393054.009407 4865817.799045 -39.911011 0.400000
32393053.651093 4865795.576673 -32.880005 0.399900
32393053.471937 4865784.465487 -30.412994 0.399700
32393053.113625 4865762.243115 -28.759003 0.399600
32393052.934470 4865751.131930 -20.661987 0.399600
32393052.576160 4865728.909559 -21.295990 0.399800
32393052.397006 4865717.798374 -16.338013 0.399900
32393052.217852 4865706.687189 -7.622986 0.400000
32393051.859544 4865684.464820 -1.098999 0.400000
32393051.680391 4865673.353636 0.503998 0.400000
32393051.322086 4865651.131268 15.528992 0.400000
32393051.142934 4865640.020085 17.134003 0.400000
32393050.784631 4865617.797718 18.346008 0.400000
32393050.605480 4865606.686535 17.372009 0.400000
32393050.426329 4865595.575352 17.869995 0.400000
32393050.068028 4865573.352986 18.865997 0.400000
32393049.888878 4865562.241804 18.579987 0.400000
32392261.242487 4865975.112621 -158.529999 0.500000
32392260.881499 4865952.890240 -159.130005 0.500000
32392260.701006 4865941.779050 -159.830002 0.500000
32392260.340021 4865919.556670 -160.026993 0.500000
32392260.159529 4865908.445481 -158.059006 0.500000
32392259.798545 4865886.223102 -151.904007 0.500000
32392259.618054 4865875.111913 -143.075012 0.500000
32392259.437563 4865864.000724 -140.683990 0.500000
32392259.076583 4865841.778346 -139.063995 0.500000
32392258.896093 4865830.667158 -135.005005 0.500000
32392258.535114 4865808.444782 -126.621002 0.500000
32392258.354625 4865797.333594 -126.321014 0.500000
32392257.993649 4865775.111219 -126.226990 0.500000
32392257.813161 4865764.000032 -124.154999 0.500100
32392257.452186 4865741.777658 -109.769989 0.500000
32392257.271699 4865730.666471 -103.640991 0.500000
32392257.091213 4865719.555284 -104.859985 0.500000
32392256.730240 4865697.332912 -104.635010 0.500000
32392256.549755 4865686.221726 -104.290985 0.500100
32392256.188785 4865663.999355 -103.748993 0.500100
32392256.008300 4865652.888169 -103.869995 0.500100
32392255.647332 4865630.665799 -100.196991 0.500000
32392255.466848 4865619.554614 -97.971008 0.500000
32392255.286365 4865608.443429 -94.769989 0.500000
32392254.925400 4865586.221060 -93.562012 0.500000
32392254.744917 4865575.109876 -92.803009 0.500000
32392293.367580 4865974.590848 -158.904999 0.500000
32392293.006700 4865952.368467 -159.776993 0.500000
32392292.826261 4865941.257277 -160.113998 0.500000
32392292.465383 4865919.034897 -158.149994 0.500000
32392292.284945 4865907.923708 -158.020004 0.500000
32392291.924069 4865885.701329 -140.968994 0.500000
32392291.743632 4865874.590140 -141.001007 0.500000
32392291.563195 4865863.478951 -140.687012 0.500000
32392291.202322 4865841.256574 -129.709015 0.500100
32392291.021886 4865830.145386 -126.466003 0.500100
32392290.661015 4865807.923010 -126.148987 0.500000
32392290.480580 4865796.811822 -125.997009 0.499900
32392290.119711 4865774.589447 -119.153015 0.499900
32392289.939277 4865763.478260 -112.485992 0.499900
32392289.578410 4865741.255886 -103.035004 0.500000
32392289.397977 4865730.144699 -103.022003 0.500000
32392289.217544 4865719.033513 -102.963989 0.500100
32392288.856679 4865696.811141 -102.807007 0.500000
32392288.676248 4865685.699955 -102.049011 0.499900
32392288.315385 4865663.477583 -94.187012 0.499900
32392288.134954 4865652.366398 -89.550995 0.499800
32392287.774094 4865630.144028 -82.027008 0.499800
32392287.593664 4865619.032843 -81.989990 0.499800
32392287.413235 4865607.921658 -81.958008 0.499900
32392287.052377 4865585.699290 -82.036011 0.499900
32392286.871949 4865574.588106 -82.247986 0.500000
32392325.492672 4865974.069231 -159.143005 0.500000
32392325.131901 4865951.846850 -159.850998 0.500000
32392324.951515 4865940.735660 -160.225998 0.500000
32392324.590745 4865918.513280 -158.115005 0.499900
32392324.410361 4865907.402091 -152.985992 0.499900
32392324.049593 4865885.179712 -141.263000 0.499800
32392323.869209 4865874.068523 -140.964996 0.499900
32392323.688826 4865862.957335 -139.348999 0.500000
32392323.328061 4865840.734958 -126.272003 0.500000
32392323.147678 4865829.623769 -126.703003 0.500000
32392322.786915 4865807.401393 -125.183014 0.499900
32392322.606534 4865796.290206 -120.334991 0.499800
32392322.245773 4865774.067831 -105.989990 0.499700
32392322.065392 4865762.956644 -102.558990 0.499700
32392321.704633 4865740.734270 -101.575989 0.499800
32392321.524254 4865729.623083 -101.226990 0.499900
32392321.343875 4865718.511897 -101.203003 0.500000
32392320.983118 4865696.289525 -96.792999 0.499900
32392320.802740 4865685.178339 -89.977997 0.499800
32392320.441985 4865662.955968 -81.936005 0.499600
32392320.261609 4865651.844783 -81.977997 0.499500
32392319.900856 4865629.622413 -82.186005 0.499500
32392319.720480 4865618.511228 -81.183014 0.499500
32392319.540104 4865607.400043 -82.006989 0.499700
32392319.179354 4865585.177675 -76.187988 0.499800
32392318.998980 4865574.066491 -74.846008 0.500000
32392357.617765 4865973.547769 -158.882996 0.500000
32392357.257101 4865951.325388 -160.212997 0.500000
32392357.076769 4865940.214198 -160.315994 0.499900
32392356.716107 4865917.991819 -155.419006 0.499700
32392356.535776 4865906.880629 -146.539001 0.499600
32392356.175116 4865884.658251 -141.268005 0.499500
32392355.994786 4865873.547062 -140.925995 0.499600
32392355.814457 4865862.435873 -139.458008 0.499600
32392355.453799 4865840.213497 -126.385010 0.499700
32392355.273471 4865829.102308 -126.309998 0.499700
32392354.912815 4865806.879933 -123.362000 0.499600
32392354.732488 4865795.768745 -115.859009 0.499500
32392354.371834 4865773.546370 -101.601013 0.499400
32392354.191508 4865762.435183 -101.476990 0.499300
32392353.830856 4865740.212810 -101.041992 0.499400
32392353.650531 4865729.101623 -99.592011 0.499600
32392353.470206 4865717.990437 -92.066986 0.499700
32392353.109557 4865695.768065 -81.911987 0.499600
32392352.929233 4865684.656879 -82.119995 0.499400
32392352.568586 4865662.434508 -82.347992 0.499200
32392352.388262 4865651.323323 -81.404999 0.499000
32392352.027617 4865629.100953 -74.750000 0.499100
32392351.847295 4865617.989768 -70.186005 0.499200
32392351.666974 4865606.878584 -63.727997 0.499400
32392351.306331 4865584.656215 -63.759003 0.499700
32392351.126010 4865573.545031 -63.665009 0.500000
32392389.742857 4865973.026463 -160.350998 0.500000
32392389.382301 4865950.804082 -160.427994 0.499900
32392389.202023 4865939.692892 -159.033997 0.499700
32392388.841469 4865917.470513 -150.733002 0.499500
32392388.661192 4865906.359324 -142.627014 0.499300
32392388.300639 4865884.136945 -141.306000 0.499100
32392388.120363 4865873.025757 -140.317993 0.499100
32392387.940088 4865861.914568 -135.138000 0.499100
32392387.579538 4865839.692191 -125.803986 0.499200
32392387.399263 4865828.581003 -125.446991 0.499300
32392387.038715 4865806.358627 -117.084991 0.499200
32392386.858442 4865795.247440 -109.057007 0.499200
32392386.497896 4865773.025065 -101.725006 0.498900
32392386.317623 4865761.913878 -101.170990 0.499000
32392385.957079 4865739.691505 -92.804993 0.499000
32392385.776808 4865728.580319 -85.502991 0.499200
32392385.596536 4865717.469132 -82.592987 0.499300
32392385.235995 4865695.246760 -82.330994 0.499200
32392385.055725 4865684.135575 -82.044006 0.498900
32392384.695185 4865661.913204 -76.979004 0.498600
32392384.514916 4865650.802019 -71.125000 0.498500
32392384.154379 4865628.579649 -63.895996 0.498500
32392383.974110 4865617.468464 -63.923004 0.498900
32392383.793843 4865606.357280 -63.911987 0.499200
32392383.433308 4865584.134912 -63.993988 0.499600
32392383.253041 4865573.023728 -64.074005 0.500000
32392421.867950 4865972.505312 -160.449997 0.500000
32392421.507501 4865950.282932 -160.541000 0.499800
32392421.327277 4865939.171742 -158.632996 0.499600
32392420.966830 4865916.949363 -147.945999 0.499300
32392420.786607 4865905.838174 -141.946991 0.499100
32392420.426162 4865883.615796 -141.928986 0.498800
32392420.245940 4865872.504607 -139.984009 0.498600
32392420.065718 4865861.393418 -133.161987 0.498600
32392419.705276 4865839.171042 -124.777008 0.498600
32392419.525055 4865828.059854 -124.915985 0.498700
32392419.164615 4865805.837478 -113.489014 0.498700
32392418.984395 4865794.726291 -106.041992 0.498500
32392418.623957 4865772.503916 -102.007996 0.492000
32392418.443738 4865761.392729 -100.181000 0.498200
32392418.083302 4865739.170356 -85.627991 0.498500
32392417.903084 4865728.059170 -83.153992 0.498600
32392417.722867 4865716.947983 -82.998993 0.498600
32392417.362433 4865694.725612 -81.556000 0.498500
32392417.182217 4865683.614426 -77.635986 0.498200
32392416.821785 4865661.392055 -63.045013 0.498000
32392416.641570 4865650.280870 -63.524994 0.497800
32392416.281140 4865628.058501 -64.002014 0.498200
32392416.100925 4865616.947316 -64.149994 0.498600
32392415.920711 4865605.836132 -64.235992 0.499000
32392415.560284 4865583.613764 -64.009003 0.499500
32392415.380071 4865572.502580 -63.895996 0.500000
32392453.993042 4865971.984317 -160.367004 0.500000
32392453.632700 4865949.761937 -160.369995 0.499800
32392453.452530 4865938.650747 -158.296997 0.499500
32392453.092191 4865916.428368 -148.404007 0.499200
32392452.912022 4865905.317179 -143.365997 0.499000
32392452.551685 4865883.094801 -141.832001 0.499100
32392452.371517 4865871.983613 -138.312012 0.498100
32392452.191349 4865860.872424 -131.475006 0.498000
32392451.831014 4865838.650048 -124.566986 0.498000
32392451.650847 4865827.538860 -124.446014 0.498100
32392451.290515 4865805.316484 -110.587006 0.498100
32392451.110349 4865794.205297 -101.442993 0.498000
32392450.750018 4865771.982923 -102.041992 0.497700
32392450.569853 4865760.871736 -100.194000 0.497100
32392450.209525 4865738.649363 -85.968994 0.497900
32392450.029361 4865727.538176 -83.096985 0.498000
32392449.849197 4865716.426990 -83.131012 0.498000
32392449.488871 4865694.204619 -82.098999 0.497800
32392449.308709 4865683.093433 -77.062988 0.497600
32392448.948384 4865660.871062 -62.821014 0.497500
32392448.768223 4865649.759877 -63.691010 0.497100
32392448.407901 4865627.537508 -63.860992 0.494000
32392448.227740 4865616.426324 -64.139008 0.498200
32392448.047580 4865605.315139 -64.000000 0.498900
32392447.687261 4865583.092771 -63.953003 0.499500
32392447.507101 4865571.981588 -63.739990 0.500000
32392478.086861 4865971.593673 -160.244003 0.500100
32392477.726600 4865949.371293 -160.194000 0.499800
32392477.546470 4865938.260104 -157.876999 0.499500
32392477.186212 4865916.037725 -147.649002 0.499200
32392477.006083 4865904.926536 -144.766006 0.498800
32392476.645827 4865882.704158 -140.061005 0.498400
32392476.465699 4865871.592969 -140.240997 0.496400
32392476.285571 4865860.481781 -134.792999 0.494800
32392475.925317 4865838.259404 -124.149994 0.497300
32392475.745191 4865827.148216 -123.997986 0.497600
32392475.384939 4865804.925841 -112.532989 0.497600
32392475.204814 4865793.814654 -103.748993 0.497500
32392474.844564 4865771.592280 -102.281006 0.497000
32392474.664439 4865760.481093 -101.834015 0.495500
32392474.304191 4865738.258720 -88.252991 0.497200
32392474.124068 4865727.147534 -82.558014 0.497400
32392473.943945 4865716.036347 -82.976013 0.497300
32392473.583699 4865693.813976 -81.683990 0.497100
32392473.403577 4865682.702790 -79.058990 0.497000
32392473.043334 4865660.480420 -62.333008 0.496700
32392472.863213 4865649.369235 -63.358002 0.496900
32392472.502971 4865627.146866 -63.898987 0.497500
32392472.322851 4865616.035681 -63.976990 0.498300
32392472.142731 4865604.924497 -63.829987 0.498900
32392471.782493 4865582.702129 -63.321014 0.499500
32392471.602374 4865571.590946 -63.359985 0.500000
32392510.211952 4865971.072951 -159.707001 0.500100
32392509.851799 4865948.850571 -159.904999 0.499900
32392509.671723 4865937.739381 -158.095993 0.499700
32392509.311573 4865915.517003 -147.399002 0.499300
32392509.131498 4865904.405814 -146.871994 0.498900
32392508.771349 4865882.183436 -139.812988 0.498500
32392508.591275 4865871.072247 -140.024994 0.497900
32392508.411201 4865859.961059 -133.906006 0.497400
32392508.051055 4865837.738683 -123.903992 0.494400
32392507.870983 4865826.627495 -123.773987 0.496300
32392507.510838 4865804.405120 -114.621002 0.497100
32392507.330767 4865793.293932 -106.372986 0.497000
32392506.970624 4865771.071558 -101.493988 0.496400
32392506.790554 4865759.960372 -101.278992 0.496900
32392506.430414 4865737.737999 -91.001007 0.497000
32392506.250344 4865726.626813 -82.804993 0.496800
32392506.070275 4865715.515627 -81.372986 0.496800
32392505.710137 4865693.293255 -80.489990 0.496600
32392505.530069 4865682.182070 -76.118011 0.496300
32392505.169933 4865659.959700 -61.665985 0.496500
32392504.989866 4865648.848515 -63.205994 0.496700
32392504.629732 4865626.626145 -63.549011 0.497500
32392504.449666 4865615.514961 -63.528992 0.498300
32392504.269600 4865604.403777 -63.298004 0.499000
32392503.909469 4865582.181409 -63.484985 0.499600
32392503.729404 4865571.070226 -63.346008 0.500100
32392542.337044 4865970.552384 -159.063995 0.500100
32392541.976998 4865948.330004 -159.209000 0.499900
32392541.796976 4865937.218815 -157.203003 0.499800
32392541.436933 4865914.996436 -147.921005 0.499500
32392541.256912 4865903.885247 -148.557007 0.499200
32392540.896871 4865881.662870 -139.582001 0.498800
32392540.716851 4865870.551681 -140.098999 0.498400
32392540.536831 4865859.440493 -133.502014 0.498100
32392540.176793 4865837.218117 -123.669006 0.497200
32392539.996774 4865826.106929 -123.600006 0.496400
32392539.636737 4865803.884554 -113.984985 0.495600
32392539.456720 4865792.773367 -105.239990 0.496600
32392539.096685 4865770.550993 -101.420990 0.496600
32392538.916668 4865759.439806 -101.244995 0.496600
32392538.556636 4865737.217434 -90.596008 0.496600
32392538.376620 4865726.106247 -82.177002 0.496400
32392538.196604 4865714.995062 -79.595001 0.495700
32392537.836574 4865692.772690 -79.963013 0.495700
32392537.656560 4865681.661505 -77.238007 0.496000
32392537.296532 4865659.439135 -62.329010 0.529500
32392537.116518 4865648.327950 -63.653015 0.496800
32392536.756492 4865626.105581 -63.803009 0.497400
32392536.576480 4865614.994397 -63.579010 0.498400
32392536.396468 4865603.883213 -63.622009 0.499100
32392536.036444 4865581.660845 -63.796997 0.499700
32392535.856433 4865570.549662 -63.632996 0.500100
32392574.462135 4865970.031973 -158.225998 0.500000
32392574.102197 4865947.809593 -158.494995 0.500000
32392573.922229 4865936.698404 -156.632996 0.499900
32392573.562294 4865914.476025 -150.487000 0.499800
32392573.382326 4865903.364836 -150.539001 0.499500
32392573.022393 4865881.142459 -138.911011 0.499200
32392572.842427 4865870.031271 -139.954010 0.498800
32392572.662461 4865858.920082 -136.347992 0.498400
32392572.302530 4865836.697706 -122.851990 0.497900
32392572.122565 4865825.586519 -122.669006 0.497300
32392571.762636 4865803.364144 -114.885986 0.496600
32392571.582672 4865792.252957 -106.596985 0.496400
32392571.222745 4865770.030583 -100.911987 0.495500
32392571.042782 4865758.919397 -100.697998 0.496400
32392570.682857 4865736.697024 -91.816986 0.496300
32392570.502895 4865725.585838 -83.214996 0.496000
32392570.322934 4865714.474652 -79.811005 0.495600
32392569.963012 4865692.252281 -80.019989 0.495300
32392569.783051 4865681.141096 -77.519012 0.495700
32392569.423131 4865658.918726 -61.941986 0.498600
32392569.243171 4865647.807541 -63.497009 0.496500
32392568.883253 4865625.585172 -63.230011 0.497400
32392568.703294 4865614.473988 -63.334015 0.498500
32392568.523336 4865603.362804 -63.575989 0.499200
32392568.163420 4865581.140436 -63.644012 0.499700
32392567.983462 4865570.029253 -63.316010 0.500100
32392606.587226 4865969.511718 -157.242996 0.500000
32392606.227396 4865947.289338 -157.526001 0.500100
32392606.047482 4865936.178149 -155.466003 0.500000
32392605.687654 4865913.955770 -152.218994 0.499900
32392605.507740 4865902.844581 -152.268997 0.499700
32392605.147915 4865880.622204 -140.463989 0.499500
32392604.968002 4865869.511016 -139.585999 0.499200
32392604.788090 4865858.399828 -137.087006 0.498700
32392604.428267 4865836.177452 -121.954010 0.498200
32392604.248356 4865825.066264 -122.131989 0.497600
32392603.888535 4865802.843890 -117.270996 0.497000
32392603.708625 4865791.732703 -108.257996 0.495900
32392603.348805 4865769.510329 -100.451996 0.486100
32392603.168896 4865758.399142 -100.118988 0.495800
32392602.809079 4865736.176770 -93.899994 0.496100
32392602.629171 4865725.065584 -85.604004 0.495800
32392602.449263 4865713.954398 -78.562012 0.495400
32392602.089448 4865691.732027 -79.699005 0.494600
32392601.909542 4865680.620842 -74.937012 0.496200
32392601.549729 4865658.398472 -62.420013 0.495100
32392601.369823 4865647.287288 -64.278992 0.496300
32392601.010013 4865625.064919 -64.175995 0.497500
32392600.830108 4865613.953735 -63.783997 0.498500
32392600.650203 4865602.842551 -63.382996 0.499100
32392600.290395 4865580.620183 -63.717011 0.499700
32392600.110492 4865569.509000 -63.217011 0.500100
32392638.712317 4865968.991618 -156.005997 0.500000
32392638.352594 4865946.769239 -156.044006 0.500000
32392638.172734 4865935.658049 -154.723999 0.500000
32392637.813014 4865913.435671 -153.826004 0.500000
32392637.633154 4865902.324482 -154.039993 0.499900
32392637.273436 4865880.102105 -142.169006 0.499700
32392637.093578 4865868.990917 -139.385010 0.499400
32392636.913719 4865857.879729 -137.734985 0.499000
32392636.554004 4865835.657353 -121.175995 0.498400
32392636.374147 4865824.546165 -121.871002 0.497700
32392636.014433 4865802.323791 -118.032013 0.497100
32392635.834577 4865791.212604 -108.829987 0.496300
32392635.474865 4865768.990230 -100.071991 0.506000
32392635.295010 4865757.879044 -99.951996 0.495800
32392634.935300 4865735.656672 -93.872009 0.495800
32392634.755446 4865724.545486 -85.470001 0.495500
32392634.575592 4865713.434300 -78.031006 0.495000
32392634.215885 4865691.211929 -79.066986 0.498700
32392634.036032 4865680.100744 -73.510010 0.494600
32392633.676327 4865657.878374 -64.795013 0.495700
32392633.496475 4865646.767190 -65.174011 0.496600
32392633.136772 4865624.544821 -65.559998 0.497700
32392632.956921 4865613.433637 -63.579987 0.498300
32392632.777071 4865602.322453 -63.250000 0.499000
32392632.417370 4865580.100086 -63.737000 0.499600
32392632.237521 4865568.988903 -63.001007 0.500000
32392670.837407 4865968.471674 -154.449997 0.500000
32392670.477793 4865946.249295 -154.492004 0.500000
32392670.297986 4865935.138105 -154.434998 0.500000
32392669.938374 4865912.915727 -152.964005 0.500000
32392669.758568 4865901.804538 -154.990005 0.499900
32392669.398957 4865879.582161 -144.272003 0.499800
32392669.219153 4865868.470973 -139.380005 0.499500
32392669.039348 4865857.359785 -138.842987 0.499200
32392668.679741 4865835.137410 -123.020996 0.498600
32392668.499937 4865824.026222 -121.644989 0.497800
32392668.140331 4865801.803848 -115.618011 0.497100
32392667.960529 4865790.692661 -107.212006 0.496400
32392667.600925 4865768.470288 -99.704010 0.498400
32392667.421124 4865757.359101 -99.515015 0.495400
32392667.061522 4865735.136729 -94.412994 0.495500
32392666.881721 4865724.025543 -86.354004 0.495400
32392666.701921 4865712.914358 -77.416992 0.494900
32392666.342322 4865690.691987 -78.757996 0.497800
32392666.162523 4865679.580802 -78.697998 0.495100
32392665.802925 4865657.358432 -66.002014 0.495800
32392665.623127 4865646.247248 -66.561005 0.496800
32392665.263532 4865624.024879 -66.705994 0.497800
32392665.083735 4865612.913695 -62.572998 0.498400
32392664.903938 4865601.802512 -63.341003 0.498900
32392664.544345 4865579.580145 -63.782989 0.499400
32392664.364549 4865568.468961 -63.446991 0.499900
32392702.962498 4865967.951885 -152.384003 0.500000
32392702.602991 4865945.729506 -153.975006 0.500000
32392702.423238 4865934.618317 -154.054993 0.500000
32392702.063733 4865912.395939 -154.261002 0.500000
32392701.883981 4865901.284750 -153.667999 0.499900
32392701.524479 4865879.062374 -142.148010 0.499800
32392701.344728 4865867.951185 -140.561005 0.499500
32392701.164977 4865856.839997 -138.463013 0.499200
32392700.805477 4865834.617622 -121.845001 0.498700
32392700.625727 4865823.506435 -121.747986 0.498000
32392700.266229 4865801.284060 -116.914001 0.497200
32392700.086481 4865790.172874 -108.026001 0.496600
32392699.726984 4865767.950500 -99.445007 0.497100
32392699.547237 4865756.839314 -99.480988 0.495000
32392699.187743 4865734.616942 -88.338989 0.494800
32392699.007996 4865723.505756 -78.803009 0.495400
32392698.828250 4865712.394571 -78.096985 0.494800
32392698.468758 4865690.172200 -76.821014 0.495900
32392698.289013 4865679.061015 -78.707001 0.495400
32392697.929523 4865656.838646 -67.472992 0.496200
32392697.749779 4865645.727461 -67.795013 0.497000
32392697.390291 4865623.505093 -68.041992 0.497700
32392697.210548 4865612.393909 -66.118011 0.498500
32392697.030805 4865601.282725 -63.174988 0.498900
32392696.671320 4865579.060359 -63.763000 0.499300
32392696.491578 4865567.949175 -63.787994 0.499900
32392735.087588 4865967.432253 -154.524994 0.500000
32392734.728189 4865945.209874 -154.248001 0.500000
32392734.548490 4865934.098684 -154.091003 0.500000
32392734.189093 4865911.876307 -154.065994 0.500000
32392734.009395 4865900.765118 -152.567993 0.499900
32392733.649999 4865878.542741 -141.266998 0.499700
32392733.470302 4865867.431553 -141.498993 0.499500
32392733.290606 4865856.320365 -136.279999 0.499200
32392732.931213 4865834.097990 -122.023987 0.498800
32392732.751518 4865822.986803 -122.131012 0.498100
32392732.392127 4865800.764429 -115.466003 0.497400
32392732.212432 4865789.653242 -106.691010 0.496700
32392731.853044 4865767.430869 -98.852997 0.494600
32392731.673350 4865756.319683 -98.899994 0.495900
32392731.313963 4865734.097311 -86.545013 0.495700
32392731.134271 4865722.986125 -77.993988 0.495300
32392730.954578 4865711.874940 -78.113007 0.496500
32392730.595194 4865689.652569 -77.748993 0.495500
32392730.415503 4865678.541384 -78.039001 0.495600
32392730.056121 4865656.319015 -68.199005 0.496300
32392729.876430 4865645.207831 -69.220001 0.497200
32392729.517050 4865622.985462 -69.881989 0.497900
32392729.337361 4865611.874279 -68.351013 0.498400
32392729.157672 4865600.763095 -61.920013 0.498800
32392728.798294 4865578.540728 -64.114990 0.499300
32392728.618606 4865567.429545 -63.553009 0.499900
32392767.212678 4865966.912775 -155.707993 0.500000
32392766.853386 4865944.690397 -154.072998 0.500000
32392766.673741 4865933.579207 -153.865997 0.500000
32392766.314452 4865911.356830 -153.841995 0.500000
32392766.134808 4865900.245641 -151.276001 0.499900
32392765.775520 4865878.023265 -141.408997 0.499800
32392765.595877 4865866.912077 -139.399994 0.499600
32392765.416234 4865855.800889 -131.234985 0.499300
32392765.056949 4865833.578514 -122.579987 0.498900
32392764.877307 4865822.467327 -122.627014 0.498400
32392764.518025 4865800.244953 -111.040009 0.497700
32392764.338384 4865789.133766 -102.700989 0.497100
32392763.979103 4865766.911393 -99.187988 0.496400
32392763.799463 4865755.800207 -98.932007 0.496100
32392763.440184 4865733.577835 -87.434998 0.496000
32392763.260545 4865722.466650 -78.652008 0.495400
32392763.080906 4865711.355464 -78.138000 0.495800
32392762.721630 4865689.133094 -77.260986 0.495600
32392762.541993 4865678.021909 -78.502014 0.495800
32392762.182718 4865655.799540 -69.329010 0.496500
32392762.003082 4865644.688356 -70.972992 0.497300
32392761.643809 4865622.465987 -71.391998 0.498100
32392761.464174 4865611.354804 -69.867004 0.498600
32392761.284538 4865600.243620 -62.735992 0.499100
32392760.925269 4865578.021254 -64.076996 0.499400
32392760.745634 4865566.910071 -64.164001 0.499900
32392799.337767 4865966.393454 -155.076004 0.500000
32392798.978584 4865944.171075 -153.826996 0.500000
32392798.798992 4865933.059886 -152.751999 0.500000
32392798.439811 4865910.837509 -152.322998 0.500000
32392798.260220 4865899.726320 -145.686996 0.500000
32392797.901041 4865877.503944 -141.433014 0.499900
32392797.721451 4865866.392756 -136.179993 0.499700
32392797.541862 4865855.281568 -127.105011 0.499400
32392797.182685 4865833.059193 -123.233002 0.499100
32392797.003097 4865821.948006 -122.545013 0.498600
32392796.643922 4865799.725632 -106.237000 0.498100
32392796.464335 4865788.614446 -98.959991 0.497300
32392796.105162 4865766.392073 -99.000000 0.497000
32392795.925576 4865755.280887 -98.644012 0.496500
32392795.566404 4865733.058515 -92.959015 0.496300
32392795.386819 4865721.947330 -85.217011 0.495900
32392795.207235 4865710.836144 -77.843994 0.496200
32392794.848066 4865688.613774 -77.976013 0.495500
32392794.668482 4865677.502589 -77.399994 0.496200
32392794.309316 4865655.280220 -72.147003 0.496800
32392794.129733 4865644.169036 -72.656006 0.497600
32392793.770568 4865621.946668 -73.688995 0.498300
32392793.590986 4865610.835485 -70.609009 0.498800
32392793.411405 4865599.724301 -61.848999 0.499200
32392793.052243 4865577.501935 -64.113007 0.499600
32392792.872662 4865566.390752 -63.824005 0.500000
32392831.462857 4865965.874288 -155.110992 0.500000
32392831.103781 4865943.651910 -153.740997 0.500000
32392830.924244 4865932.540721 -153.307007 0.500000
32392830.565170 4865910.318343 -146.660004 0.500000
32392830.385633 4865899.207155 -141.007996 0.500000
32392830.026561 4865876.984779 -141.273010 0.500000
32392829.847025 4865865.873591 -135.433014 0.499800
32392829.667490 4865854.762403 -126.667999 0.499600
32392829.308421 4865832.540028 -123.600006 0.499300
32392829.128887 4865821.428841 -123.437988 0.498900
32392828.769819 4865799.206467 -109.181000 0.498400
32392828.590286 4865788.095281 -101.057007 0.497900
32392828.231220 4865765.872908 -99.147003 0.497200
32392828.051688 4865754.761722 -98.907013 0.496900
32392827.692625 4865732.539351 -98.583008 0.496600
32392827.513093 4865721.428165 -96.777008 0.496000
32392827.333562 4865710.316980 -90.348999 0.494800
32392826.974501 4865688.094610 -77.830994 0.495900
32392826.794971 4865676.983425 -78.182007 0.496300
32392826.435913 4865654.761057 -78.161987 0.497200
32392826.256384 4865643.649872 -76.678009 0.497900
32392825.897327 4865621.427505 -75.980988 0.498500
32392825.717799 4865610.316321 -71.703003 0.499000
32392825.538271 4865599.205138 -64.042999 0.499400
32392825.179217 4865576.982771 -64.095001 0.499700
32392824.999690 4865565.871588 -63.433990 0.500100
32392863.587946 4865965.355278 -153.656998 0.500000
32392863.228978 4865943.132900 -153.787003 0.500000
32392863.049494 4865932.021711 -149.972000 0.500000
32392862.690528 4865909.799333 -142.125000 0.500000
32392862.511045 4865898.688145 -141.898987 0.500000
32392862.152081 4865876.465769 -141.582001 0.500000
32392861.972599 4865865.354581 -138.841003 0.500000
32392861.793118 4865854.243394 -130.494995 0.499800
32392861.434156 4865832.021019 -123.691010 0.499500
32392861.254676 4865820.909832 -123.809998 0.499200
32392860.895716 4865798.687458 -121.186005 0.498700
32392860.716237 4865787.576272 -116.903992 0.498100
32392860.357279 4865765.353899 -104.489014 0.497600
32392860.177800 4865754.242713 -98.998993 0.497200
32392859.818845 4865732.020342 -98.945007 0.496900
32392859.639367 4865720.909157 -99.015015 0.495800
32392859.459890 4865709.797972 -98.847992 0.496300
32392859.100937 4865687.575602 -87.786987 0.496700
32392858.921461 4865676.464417 -80.291992 0.496900
32392858.562509 4865654.242048 -79.286011 0.497500
32392858.383034 4865643.130864 -78.761993 0.498200
32392858.024085 4865620.908497 -78.746002 0.498700
32392857.844611 4865609.797313 -73.963989 0.499100
32392857.665137 4865598.686130 -65.427002 0.499500
32392857.306190 4865576.463764 -64.125000 0.499900
32392857.126718 4865565.352581 -63.673004 0.500100
32392895.713036 4865964.836423 -153.194000 0.500000
32392895.354175 4865942.614045 -153.404999 0.500000
32392895.174745 4865931.502856 -151.382996 0.500000
32392894.815886 4865909.280479 -141.174988 0.500000
32392894.636458 4865898.169291 -142.131989 0.500000
32392894.277601 4865875.946915 -141.746002 0.500000
32392894.098173 4865864.835727 -141.697998 0.500000
32392893.918746 4865853.724540 -141.519989 0.499900
32392893.559891 4865831.502165 -132.953003 0.499700
32392893.380465 4865820.390978 -127.039001 0.499300
32392893.021613 4865798.168605 -122.161011 0.498900
32392892.842187 4865787.057419 -121.903015 0.498400
32392892.483337 4865764.835046 -118.578003 0.498000
32392892.303912 4865753.723860 -110.317993 0.497400
32392891.945064 4865731.501489 -99.894989 0.497500
32392891.765641 4865720.390304 -100.096985 0.497300
32392891.586217 4865709.279119 -99.816010 0.497300
32392891.227372 4865687.056749 -96.566010 0.497400
32392891.047950 4865675.945564 -87.824005 0.497300
32392890.689106 4865653.723196 -80.035004 0.497800
32392890.509685 4865642.612012 -79.894012 0.498500
32392890.150843 4865620.389644 -79.516998 0.498900
32392889.971423 4865609.278461 -73.200012 0.499300
32392889.792003 4865598.167278 -65.195007 0.499700
32392889.433164 4865575.944912 -64.268005 0.499900
32392889.253745 4865564.833729 -64.355011 0.500100
32392927.838125 4865964.317725 -153.809998 0.500000
32392927.479372 4865942.095347 -153.695999 0.500000
32392927.299996 4865930.984158 -153.628998 0.500000
32392926.941245 4865908.761781 -151.061996 0.500000
32392926.761870 4865897.650593 -150.697006 0.500000
32392926.403121 4865875.428217 -148.429001 0.500000
32392926.223747 4865864.317029 -147.026001 0.500100
32392926.044373 4865853.205842 -144.839996 0.500000
32392925.685626 4865830.983467 -142.746002 0.499800
32392925.506254 4865819.872280 -136.557007 0.499500
32392925.147509 4865797.649907 -121.493988 0.499000
32392924.968138 4865786.538721 -120.976013 0.498600
32392924.609395 4865764.316349 -119.931000 0.498000
32392924.430024 4865753.205163 -114.846008 0.497700
32392924.071284 4865730.982792 -100.002014 0.498100
32392923.891914 4865719.871607 -100.403992 0.498100
32392923.712545 4865708.760422 -100.019989 0.498100
32392923.353807 4865686.538052 -98.214996 0.498100
32392923.174438 4865675.426867 -92.917999 0.498300
32392922.815702 4865653.204499 -80.247009 0.498400
32392922.636335 4865642.093315 -80.328003 0.498800
32392922.277601 4865619.870948 -79.437012 0.499100
32392922.098235 4865608.759764 -78.562012 0.499500
32392921.918868 4865597.648581 -71.832001 0.499800
32392921.560137 4865575.426215 -64.079987 0.500000
32392921.380772 4865564.315033 -63.963989 0.500100
32392959.963213 4865963.799181 -154.141998 0.500000
32392959.604568 4865941.576804 -155.035995 0.500000
32392959.425246 4865930.465615 -154.947006 0.500000
32392959.066603 4865908.243238 -155.076004 0.500000
32392958.887281 4865897.132050 -153.514008 0.500000
32392958.528640 4865874.909674 -149.205994 0.500000
32392958.349320 4865863.798487 -149.065002 0.500100
32392958.170000 4865852.687299 -145.067001 0.500000
32392957.811361 4865830.464925 -135.634003 0.499900
32392957.632042 4865819.353738 -130.864014 0.499600
32392957.273406 4865797.131365 -131.049988 0.499200
32392957.094088 4865786.020179 -126.915985 0.498500
32392956.735453 4865763.797807 -120.925995 0.495500
32392956.556136 4865752.686621 -119.795013 0.497700
32392956.197503 4865730.464250 -106.804993 0.498400
32392956.018187 4865719.353065 -99.502991 0.498700
32392955.838872 4865708.241880 -100.739014 0.498700
32392955.480241 4865686.019511 -99.582001 0.498800
32392955.300927 4865674.908326 -93.997009 0.498900
32392954.942299 4865652.685958 -80.933990 0.499000
32392954.762985 4865641.574774 -81.061005 0.499200
32392954.404359 4865619.352407 -79.259003 0.499400
32392954.225046 4865608.241223 -80.506012 0.499700
32392954.045734 4865597.130040 -79.765015 0.499900
32392953.687110 4865574.907675 -78.412994 0.500000
32392953.507799 4865563.796492 -74.591003 0.500000
32392992.088302 4865963.280794 -160.460007 0.500000
32392991.729764 4865941.058416 -156.503998 0.500000
32392991.550496 4865929.947228 -155.242004 0.500000
32392991.191960 4865907.724851 -155.195007 0.500000
32392991.012693 4865896.613663 -155.139999 0.500000
32392990.654159 4865874.391287 -152.526001 0.500000
32392990.474893 4865863.280100 -151.964005 0.500000
32392990.295627 4865852.168912 -148.074997 0.500000
32392989.937096 4865829.946538 -139.932007 0.499900
32392989.757831 4865818.835352 -136.799011 0.499700
32392989.399302 4865796.612979 -131.523987 0.499400
32392989.220038 4865785.501792 -129.868988 0.499100
32392988.861511 4865763.279421 -121.584015 0.498300
32392988.682248 4865752.168235 -121.714996 0.498800
32392988.323722 4865729.945864 -114.540985 0.499100
32392988.144460 4865718.834679 -105.697998 0.499200
32392987.965199 4865707.723494 -100.953003 0.499300
32392987.606676 4865685.501125 -100.618011 0.499400
32392987.427415 4865674.389940 -97.102997 0.499400
32392987.068895 4865652.167572 -80.854004 0.499400
32392986.889635 4865641.056388 -81.704010 0.499500
32392986.531116 4865618.834021 -80.359009 0.499600
32392986.351857 4865607.722838 -80.925995 0.499800
32392986.172599 4865596.611655 -80.475006 0.500000
32392985.814083 4865574.389290 -80.162994 0.500000
32392985.634826 4865563.278107 -80.924988 0.500000
32393024.213390 4865962.762562 -160.806000 0.500000
32393023.854960 4865940.540184 -156.940002 0.500000
32393023.675746 4865929.428996 -155.537994 0.500000
32393023.317318 4865907.206619 -155.778000 0.500000
32393023.138104 4865896.095431 -155.688995 0.500000
32393022.779678 4865873.873056 -154.449005 0.500000
32393022.600466 4865862.761869 -153.951004 0.500000
32393022.421254 4865851.650681 -153.225006 0.500000
32393022.062830 4865829.428307 -141.812988 0.500000
32393021.883619 4865818.317121 -136.786987 0.499800
32393021.525198 4865796.094748 -130.661987 0.499700
32393021.345987 4865784.983562 -131.170990 0.499500
32393020.987568 4865762.761190 -121.230988 0.499400
32393020.808359 4865751.650004 -121.936005 0.499400
32393020.449941 4865729.427634 -119.600006 0.499500
32393020.270733 4865718.316449 -112.050995 0.499600
32393020.091525 4865707.205264 -102.640015 0.499800
32393019.733110 4865684.982895 -100.983002 0.499800
32393019.553903 4865673.871710 -99.200012 0.499800
32393019.195490 4865651.649342 -83.122986 0.499800
32393019.016284 4865640.538159 -82.395996 0.499800
32393018.657874 4865618.315792 -80.842011 0.499900
32393018.478669 4865607.204609 -81.997009 0.500000
32393018.299464 4865596.093426 -80.334991 0.500000
32393017.941056 4865573.871060 -81.006989 0.500000
32393017.761852 4865562.759878 -81.119995 0.500000
32393056.338478 4865962.244486 -160.785995 0.500000
32393055.980156 4865940.022108 -158.882996 0.500000
32393055.800995 4865928.910920 -155.526001 0.500000
32393055.442675 4865906.688544 -155.565994 0.500000
32393055.263516 4865895.577356 -155.457001 0.500000
32393054.905197 4865873.354980 -151.852005 0.500000
32393054.726039 4865862.243793 -151.996994 0.500000
32393054.546880 4865851.132606 -151.576004 0.500000
32393054.188564 4865828.910232 -147.110992 0.500000
32393054.009407 4865817.799045 -139.911011 0.500000
32393053.651093 4865795.576673 -132.880005 0.500000
32393053.471937 4865784.465487 -130.412994 0.499900
32393053.113625 4865762.243115 -128.759003 0.499900
32393052.934470 4865751.131930 -120.661987 0.499900
32393052.576160 4865728.909559 -121.295990 0.500000
32393052.397006 4865717.798374 -116.338013 0.500100
32393052.217852 4865706.687189 -107.622986 0.500100
32393051.859544 4865684.464820 -101.098999 0.500100
32393051.680391 4865673.353636 -99.496002 0.500100
32393051.322086 4865651.131268 -84.471008 0.500000
32393051.142934 4865640.020085 -82.865997 0.500000
32393050.784631 4865617.797718 -81.653992 0.500100
32393050.605480 4865606.686535 -82.627991 0.500100
32393050.426329 4865595.575352 -82.130005 0.500000
32393050.068028 4865573.352986 -81.134003 0.500000
32393049.888878 4865562.241804 -81.420013 0.500000
32392261.242487 4865975.112621 -258.529999 0.600000
32392260.881499 4865952.890240 -259.130005 0.600000
32392260.701006 4865941.779050 -259.830002 0.600000
32392260.340021 4865919.556670 -260.026993 0.600000
32392260.159529 4865908.445481 -258.059006 0.600000
32392259.798545 4865886.223102 -251.904007 0.600000
32392259.618054 4865875.111913 -243.075012 0.600000
32392259.437563 4865864.000724 -240.683990 0.600000
32392259.076583 4865841.778346 -239.063995 0.600000
32392258.896093 4865830.667158 -235.005005 0.600000
32392258.535114 4865808.444782 -226.621002 0.600000
32392258.354625 4865797.333594 -226.321014 0.600000
32392257.993649 4865775.111219 -226.226990 0.600000
32392257.813161 4865764.000032 -224.154999 0.600000
32392257.452186 4865741.777658 -209.769989 0.600000
32392257.271699 4865730.666471 -203.640991 0.600000
32392257.091213 4865719.555284 -204.859985 0.600000
32392256.730240 4865697.332912 -204.635010 0.600000
32392256.549755 4865686.221726 -204.290985 0.600000
32392256.188785 4865663.999355 -203.748993 0.600000
32392256.008300 4865652.888169 -203.869995 0.600100
32392255.647332 4865630.665799 -200.196991 0.600100
32392255.466848 4865619.554614 -197.971008 0.600000
32392255.286365 4865608.443429 -194.769989 0.600000
32392254.925400 4865586.221060 -193.562012 0.600000
32392254.744917 4865575.109876 -192.803009 0.600000
32392293.367580 4865974.590848 -258.904999 0.600000
32392293.006700 4865952.368467 -259.776993 0.600000
32392292.826261 4865941.257277 -260.113998 0.600000
32392292.465383 4865919.034897 -258.149994 0.600100
32392292.284945 4865907.923708 -258.020004 0.600100
32392291.924069 4865885.701329 -240.968994 0.600100
32392291.743632 4865874.590140 -241.001007 0.600100
32392291.563195 4865863.478951 -240.687012 0.600100
32392291.202322 4865841.256574 -229.709015 0.600100
32392291.021886 4865830.145386 -226.466003 0.600100
32392290.661015 4865807.923010 -226.148987 0.600000
32392290.480580 4865796.811822 -225.997009 0.600000
32392290.119711 4865774.589447 -219.153015 0.600000
32392289.939277 4865763.478260 -212.485992 0.600000
32392289.578410 4865741.255886 -203.035004 0.600100
32392289.397977 4865730.144699 -203.022003 0.600100
32392289.217544 4865719.033513 -202.963989 0.600100
32392288.856679 4865696.811141 -202.807007 0.600100
32392288.676248 4865685.699955 -202.049011 0.600100
32392288.315385 4865663.477583 -194.187012 0.600000
32392288.134954 4865652.366398 -189.550995 0.600000
32392287.774094 4865630.144028 -182.027008 0.600000
32392287.593664 4865619.032843 -181.989990 0.600000
32392287.413235 4865607.921658 -181.958008 0.600000
32392287.052377 4865585.699290 -182.036011 0.600000
32392286.871949 4865574.588106 -182.247986 0.600000
32392325.492672 4865974.069231 -259.143005 0.600000
32392325.131901 4865951.846850 -259.850998 0.600000
32392324.951515 4865940.735660 -260.225998 0.600100
32392324.590745 4865918.513280 -258.115005 0.600100
32392324.410361 4865907.402091 -252.985992 0.600000
32392324.049593 4865885.179712 -241.263000 0.600000
32392323.869209 4865874.068523 -240.964996 0.600100
32392323.688826 4865862.957335 -239.348999 0.600100
32392323.328061 4865840.734958 -226.272003 0.600200
32392323.147678 4865829.623769 -226.703003 0.600100
32392322.786915 4865807.401393 -225.183014 0.600100
32392322.606534 4865796.290206 -220.334991 0.600000
32392322.245773 4865774.067831 -205.989990 0.600000
32392322.065392 4865762.956644 -202.558990 0.600000
32392321.704633 4865740.734270 -201.575989 0.600000
32392321.524254 4865729.623083 -201.226990 0.600100
32392321.343875 4865718.511897 -201.203003 0.600200
32392320.983118 4865696.289525 -196.792999 0.600200
32392320.802740 4865685.178339 -189.977997 0.600100
32392320.441985 4865662.955968 -181.936005 0.600000
32392320.261609 4865651.844783 -181.977997 0.599900
32392319.900856 4865629.622413 -182.186005 0.599900
32392319.720480 4865618.511228 -181.183014 0.599900
32392319.540104 4865607.400043 -182.006989 0.599900
32392319.179354 4865585.177675 -176.187988 0.600000
32392318.998980 4865574.066491 -174.846008 0.600000
32392357.617765 4865973.547769 -258.882996 0.600000
32392357.257101 4865951.325388 -260.212997 0.600000
32392357.076769 4865940.214198 -260.315994 0.600000
32392356.716107 4865917.991819 -255.419006 0.600000
32392356.535776 4865906.880629 -246.539001 0.599900
32392356.175116 4865884.658251 -241.268005 0.599900
32392355.994786 4865873.547062 -240.925995 0.600000
32392355.814457 4865862.435873 -239.458008 0.600100
32392355.453799 4865840.213497 -226.385010 0.600100
32392355.273471 4865829.102308 -226.309998 0.600100
32392354.912815 4865806.879933 -223.362000 0.600000
32392354.732488 4865795.768745 -215.859009 0.599900
32392354.371834 4865773.546370 -201.601013 0.599800
32392354.191508 4865762.435183 -201.476990 0.599800
32392353.830856 4865740.212810 -201.041992 0.599900
32392353.650531 4865729.101623 -199.592011 0.600100
32392353.470206 4865717.990437 -192.066986 0.600200
32392353.109557 4865695.768065 -181.911987 0.600200
32392352.929233 4865684.656879 -182.119995 0.600000
32392352.568586 4865662.434508 -182.347992 0.599800
32392352.388262 4865651.323323 -181.404999 0.599700
32392352.027617 4865629.100953 -174.750000 0.599700
32392351.847295 4865617.989768 -170.186005 0.599700
32392351.666974 4865606.878584 -163.727997 0.599800
32392351.306331 4865584.656215 -163.759003 0.599900
32392351.126010 4865573.545031 -163.665009 0.600100
32392389.742857 4865973.026463 -260.350998 0.600000
32392389.382301 4865950.804082 -260.427994 0.600000
32392389.202023 4865939.692892 -259.033997 0.600000
32392388.841469 4865917.470513 -250.733002 0.599900
32392388.661192 4865906.359324 -242.627014 0.599800
32392388.300639 4865884.136945 -241.306000 0.599700
32392388.120363 4865873.025757 -240.317993 0.599800
32392387.940088 4865861.914568 -235.138000 0.599900
32392387.579538 4865839.692191 -225.803986 0.600000
32392387.399263 4865828.581003 -225.446991 0.600000
32392387.038715 4865806.358627 -217.084991 0.599900
32392386.858442 4865795.247440 -209.057007 0.599800
32392386.497896 4865773.025065 -201.725006 0.599700
32392386.317623 4865761.913878 -201.170990 0.599600
32392385.957079 4865739.691505 -192.804993 0.599700
32392385.776808 4865728.580319 -185.502991 0.599900
32392385.596536 4865717.469132 -182.592987 0.600100
32392385.235995 4865695.246760 -182.330994 0.600000
32392385.055725 4865684.135575 -182.044006 0.599800
32392384.695185 4865661.913204 -176.979004 0.599600
32392384.514916 4865650.802019 -171.125000 0.599400
32392384.154379 4865628.579649 -163.895996 0.599400
32392383.974110 4865617.468464 -163.923004 0.599500
32392383.793843 4865606.357280 -163.911987 0.599700
32392383.433308 4865584.134912 -163.993988 0.599900
32392383.253041 4865573.023728 -164.074005 0.600100
32392421.867950 4865972.505312 -260.449997 0.600000
32392421.507501 4865950.282932 -260.541000 0.600000
32392421.327277 4865939.171742 -258.632996 0.599900
32392420.966830 4865916.949363 -247.945999 0.599700
32392420.786607 4865905.838174 -241.946991 0.599600
32392420.426162 4865883.615796 -241.928986 0.599500
32392420.245940 4865872.504607 -239.984009 0.599500
32392420.065718 4865861.393418 -233.161987 0.599600
32392419.705276 4865839.171042 -224.777008 0.599700
32392419.525055 4865828.059854 -224.915985 0.599800
32392419.164615 4865805.837478 -213.489014 0.599800
32392418.984395 4865794.726291 -206.041992 0.599600
32392418.623957 4865772.503916 -202.007996 0.598400
32392418.443738 4865761.392729 -200.181000 0.599500
32392418.083302 4865739.170356 -185.627991 0.599500
32392417.903084 4865728.059170 -183.153992 0.599700
32392417.722867 4865716.947983 -182.998993 0.599900
32392417.362433 4865694.725612 -181.556000 0.599800
32392417.182217 4865683.614426 -177.635986 0.599600
32392416.821785 4865661.392055 -163.045013 0.599300
32392416.641570 4865650.280870 -163.524994 0.599100
32392416.281140 4865628.058501 -164.002014 0.599100
32392416.100925 4865616.947316 -164.149994 0.599400
32392415.920711 4865605.836132 -164.235992 0.599600
32392415.560284 4865583.613764 -164.009003 0.599800
32392415.380071 4865572.502580 -163.895996 0.600100
32392453.993042 4865971.984317 -260.367004 0.600000
32392453.632700 4865949.761937 -260.369995 0.600000
32392453.452530 4865938.650747 -258.296997 0.599900
32392453.092191 4865916.428368 -248.404007 0.599700
32392452.912022 4865905.317179 -243.365997 0.599500
32392452.551685 4865883.094801 -241.832001 0.599000
32392452.371517 4865871.983613 -238.312012 0.599300
32392452.191349 4865860.872424 -231.475006 0.599300
32392451.831014 4865838.650048 -224.566986 0.599400
32392451.650847 4865827.538860 -224.446014 0.599500
32392451.290515 4865805.316484 -210.587006 0.599500
32392451.110349 4865794.205297 -201.442993 0.599400
32392450.750018 4865771.982923 -202.041992 0.599300
32392450.569853 4865760.871736 -200.194000 0.599200
32392450.209525 4865738.649363 -185.968994 0.599400
32392450.029361 4865727.538176 -183.096985 0.599500
32392449.849197 4865716.426990 -183.131012 0.599600
32392449.488871 4865694.204619 -182.098999 0.599500
32392449.308709 4865683.093433 -177.062988 0.599300
32392448.948384 4865660.871062 -162.821014 0.599000
32392448.768223 4865649.759877 -163.691010 0.598900
32392448.407901 4865627.537508 -163.860992 0.598300
32392448.227740 4865616.426324 -164.139008 0.599300
32392448.047580 4865605.315139 -164.000000 0.599600
32392447.687261 4865583.092771 -163.953003 0.599800
32392447.507101 4865571.981588 -163.739990 0.600100
32392478.086861 4865971.593673 -260.244003 0.600000
32392477.726600 4865949.371293 -260.194000 0.600000
32392477.546470 4865938.260104 -257.876999 0.599900
32392477.186212 4865916.037725 -247.649002 0.599700
32392477.006083 4865904.926536 -244.766006 0.599500
32392476.645827 4865882.704158 -240.061005 0.599300
32392476.465699 4865871.592969 -240.240997 0.598900
32392476.285571 4865860.481781 -234.792999 0.598500
32392475.925317 4865838.259404 -224.149994 0.599100
32392475.745191 4865827.148216 -223.997986 0.599300
32392475.384939 4865804.925841 -212.532989 0.599300
32392475.204814 4865793.814654 -203.748993 0.599300
32392474.844564 4865771.592280 -202.281006 0.599200
32392474.664439 4865760.481093 -201.834015 0.598800
32392474.304191 4865738.258720 -188.252991 0.599200
32392474.124068 4865727.147534 -182.558014 0.599400
32392473.943945 4865716.036347 -182.976013 0.599300
32392473.583699 4865693.813976 -181.683990 0.599200
32392473.403577 4865682.702790 -179.058990 0.599000
32392473.043334 4865660.480420 -162.333008 0.598800
32392472.863213 4865649.369235 -163.358002 0.598800
32392472.502971 4865627.146866 -163.898987 0.599000
32392472.322851 4865616.035681 -163.976990 0.599300
32392472.142731 4865604.924497 -163.829987 0.599600
32392471.782493 4865582.702129 -163.321014 0.599900
32392471.602374 4865571.590946 -163.359985 0.600100
32392510.211952 4865971.072951 -259.707001 0.600000
32392509.851799 4865948.850571 -259.904999 0.600000
32392509.671723 4865937.739381 -258.095993 0.600000
32392509.311573 4865915.517003 -247.399002 0.599800
32392509.131498 4865904.405814 -246.871994 0.599600
32392508.771349 4865882.183436 -239.812988 0.599400
32392508.591275 4865871.072247 -240.024994 0.599200
32392508.411201 4865859.961059 -233.906006 0.599100
32392508.051055 4865837.738683 -223.903992 0.596900
32392507.870983 4865826.627495 -223.773987 0.599000
32392507.510838 4865804.405120 -214.621002 0.599200
32392507.330767 4865793.293932 -206.372986 0.599100
32392506.970624 4865771.071558 -201.493988 0.599000
32392506.790554 4865759.960372 -201.278992 0.599000
32392506.430414 4865737.737999 -191.001007 0.599100
32392506.250344 4865726.626813 -182.804993 0.599200
32392506.070275 4865715.515627 -181.372986 0.599100
32392505.710137 4865693.293255 -180.489990 0.598900
32392505.530069 4865682.182070 -176.118011 0.598700
32392505.169933 4865659.959700 -161.665985 0.598500
32392504.989866 4865648.848515 -163.205994 0.598700
32392504.629732 4865626.626145 -163.549011 0.599000
32392504.449666 4865615.514961 -163.528992 0.599400
32392504.269600 4865604.403777 -163.298004 0.599800
32392503.909469 4865582.181409 -163.484985 0.600000
32392503.729404 4865571.070226 -163.346008 0.600100
32392542.337044 4865970.552384 -259.063995 0.600000
32392541.976998 4865948.330004 -259.209000 0.600100
32392541.796976 4865937.218815 -257.203003 0.600000
32392541.436933 4865914.996436 -247.921005 0.600000
32392541.256912 4865903.885247 -248.557007 0.599800
32392540.896871 4865881.662870 -239.582001 0.599600
32392540.716851 4865870.551681 -240.098999 0.599400
32392540.536831 4865859.440493 -233.502014 0.599300
32392540.176793 4865837.218117 -223.669006 0.599200
32392539.996774 4865826.106929 -223.600006 0.599100
32392539.636737 4865803.884554 -213.984985 0.598800
32392539.456720 4865792.773367 -205.239990 0.599000
32392539.096685 4865770.550993 -201.420990 0.598900
32392538.916668 4865759.439806 -201.244995 0.599000
32392538.556636 4865737.217434 -190.596008 0.599100
32392538.376620 4865726.106247 -182.177002 0.599000
32392538.196604 4865714.995062 -179.595001 0.598800
32392537.836574 4865692.772690 -179.963013 0.598700
32392537.656560 4865681.661505 -177.238007 0.598400
32392537.296532 4865659.439135 -162.329010 0.598200
32392537.116518 4865648.327950 -163.653015 0.598600
32392536.756492 4865626.105581 -163.803009 0.599200
32392536.576480 4865614.994397 -163.579010 0.599500
32392536.396468 4865603.883213 -163.622009 0.599900
32392536.036444 4865581.660845 -163.796997 0.600100
32392535.856433 4865570.549662 -163.632996 0.600100
32392574.462135 4865970.031973 -258.225998 0.600000
32392574.102197 4865947.809593 -258.494995 0.600100
32392573.922229 4865936.698404 -256.632996 0.600100
32392573.562294 4865914.476025 -250.487000 0.600000
32392573.382326 4865903.364836 -250.539001 0.599900
32392573.022393 4865881.142459 -238.911011 0.599800
32392572.842427 4865870.031271 -239.954010 0.599600
32392572.662461 4865858.920082 -236.347992 0.599500
32392572.302530 4865836.697706 -222.851990 0.599400
32392572.122565 4865825.586519 -222.669006 0.599200
32392571.762636 4865803.364144 -214.885986 0.599000
32392571.582672 4865792.252957 -206.596985 0.598900
32392571.222745 4865770.030583 -200.911987 0.598800
32392571.042782 4865758.919397 -200.697998 0.599000
32392570.682857 4865736.697024 -191.816986 0.599000
32392570.502895 4865725.585838 -183.214996 0.598800
32392570.322934 4865714.474652 -179.811005 0.598700
32392569.963012 4865692.252281 -180.019989 0.598500
32392569.783051 4865681.141096 -177.519012 0.598200
32392569.423131 4865658.918726 -161.941986 0.598300
32392569.243171 4865647.807541 -163.497009 0.598700
32392568.883253 4865625.585172 -163.230011 0.599200
32392568.703294 4865614.473988 -163.334015 0.599600
32392568.523336 4865603.362804 -163.575989 0.599900
32392568.163420 4865581.140436 -163.644012 0.600100
32392567.983462 4865570.029253 -163.316010 0.600100
32392606.587226 4865969.511718 -257.242996 0.600000
32392606.227396 4865947.289338 -257.526001 0.600000
32392606.047482 4865936.178149 -255.466003 0.600100
32392605.687654 4865913.955770 -252.218994 0.600100
32392605.507740 4865902.844581 -252.268997 0.600100
32392605.147915 4865880.622204 -240.463989 0.600000
32392604.968002 4865869.511016 -239.585999 0.599900
32392604.788090 4865858.399828 -237.087006 0.599700
32392604.428267 4865836.177452 -221.954010 0.599500
32392604.248356 4865825.066264 -222.131989 0.599200
32392603.888535 4865802.843890 -217.270996 0.599000
32392603.708625 4865791.732703 -208.257996 0.598900
32392603.348805 4865769.510329 -200.451996 0.598500
32392603.168896 4865758.399142 -200.118988 0.598900
32392602.809079 4865736.176770 -193.899994 0.598900
32392602.629171 4865725.065584 -185.604004 0.598700
32392602.449263 4865713.954398 -178.562012 0.598500
32392602.089448 4865691.732027 -179.699005 0.598300
32392601.909542 4865680.620842 -174.937012 0.595800
32392601.549729 4865658.398472 -162.420013 0.598200
32392601.369823 4865647.287288 -164.278992 0.598800
32392601.010013 4865625.064919 -164.175995 0.599200
32392600.830108 4865613.953735 -163.783997 0.599600
32392600.650203 4865602.842551 -163.382996 0.599900
32392600.290395 4865580.620183 -163.717011 0.600000
32392600.110492 4865569.509000 -163.217011 0.600100
32392638.712317 4865968.991618 -256.005997 0.600000
32392638.352594 4865946.769239 -256.044006 0.600000
32392638.172734 4865935.658049 -254.723999 0.600100
32392637.813014 4865913.435671 -253.826004 0.600100
32392637.633154 4865902.324482 -254.039993 0.600100
32392637.273436 4865880.102105 -242.169006 0.600000
32392637.093578 4865868.990917 -239.385010 0.599900
32392636.913719 4865857.879729 -237.734985 0.599800
32392636.554004 4865835.657353 -221.175995 0.599600
32392636.374147 4865824.546165 -221.871002 0.599300
32392636.014433 4865802.323791 -218.032013 0.599000
32392635.834577 4865791.212604 -208.829987 0.598800
32392635.474865 4865768.990230 -200.071991 0.598800
32392635.295010 4865757.879044 -199.951996 0.598800
32392634.935300 4865735.656672 -193.872009 0.598700
32392634.755446 4865724.545486 -185.470001 0.598600
32392634.575592 4865713.434300 -178.031006 0.598400
32392634.215885 4865691.211929 -179.066986 0.598100
32392634.036032 4865680.100744 -173.510010 0.598300
32392633.676327 4865657.878374 -164.795013 0.598500
32392633.496475 4865646.767190 -165.174011 0.598900
32392633.136772 4865624.544821 -165.559998 0.599200
32392632.956921 4865613.433637 -163.579987 0.599500
32392632.777071 4865602.322453 -163.250000 0.599800
32392632.417370 4865580.100086 -163.737000 0.599900
32392632.237521 4865568.988903 -163.001007 0.600100
32392670.837407 4865968.471674 -254.449997 0.600000
32392670.477793 4865946.249295 -254.492004 0.600000
32392670.297986 4865935.138105 -254.434998 0.600000
32392669.938374 4865912.915727 -252.964005 0.600000
32392669.758568 4865901.804538 -254.990005 0.600000
32392669.398957 4865879.582161 -244.272003 0.600000
32392669.219153 4865868.470973 -239.380005 0.599900
32392669.039348 4865857.359785 -238.842987 0.599800
32392668.679741 4865835.137410 -223.020996 0.599600
32392668.499937 4865824.026222 -221.644989 0.599300
32392668.140331 4865801.803848 -215.618011 0.599000
32392667.960529 4865790.692661 -207.212006 0.598800
32392667.600925 4865768.470288 -199.704010 0.598700
32392667.421124 4865757.359101 -199.515015 0.598700
32392667.061522 4865735.136729 -194.412994 0.598600
32392666.881721 4865724.025543 -186.354004 0.598500
32392666.701921 4865712.914358 -177.416992 0.598300
32392666.342322 4865690.691987 -178.757996 0.598100
32392666.162523 4865679.580802 -178.697998 0.598400
32392665.802925 4865657.358432 -166.002014 0.598600
32392665.623127 4865646.247248 -166.561005 0.598900
32392665.263532 4865624.024879 -166.705994 0.599200
32392665.083735 4865612.913695 -162.572998 0.599400
32392664.903938 4865601.802512 -163.341003 0.599600
32392664.544345 4865579.580145 -163.782989 0.599800
32392664.364549 4865568.468961 -163.446991 0.600100
32392702.962498 4865967.951885 -252.384003 0.600000
32392702.602991 4865945.729506 -253.975006 0.600000
32392702.423238 4865934.618317 -254.054993 0.600000
32392702.063733 4865912.395939 -254.261002 0.600000
32392701.883981 4865901.284750 -253.667999 0.600000
32392701.524479 4865879.062374 -242.148010 0.600000
32392701.344728 4865867.951185 -240.561005 0.599900
32392701.164977 4865856.839997 -238.463013 0.599800
32392700.805477 4865834.617622 -221.845001 0.599600
32392700.625727 4865823.506435 -221.747986 0.599300
32392700.266229 4865801.284060 -216.914001 0.599000
32392700.086481 4865790.172874 -208.026001 0.598900
32392699.726984 4865767.950500 -199.445007 0.598700
32392699.547237 4865756.839314 -199.480988 0.598600
32392699.187743 4865734.616942 -188.338989 0.598500
32392699.007996 4865723.505756 -178.803009 0.598400
32392698.828250 4865712.394571 -178.096985 0.598300
32392698.468758 4865690.172200 -176.821014 0.598200
32392698.289013 4865679.061015 -178.707001 0.598400
32392697.929523 4865656.838646 -167.472992 0.598700
32392697.749779 4865645.727461 -167.795013 0.599000
32392697.390291 4865623.505093 -168.041992 0.599300
32392697.210548 4865612.393909 -166.118011 0.599400
32392697.030805 4865601.282725 -163.174988 0.599500
32392696.671320 4865579.060359 -163.763000 0.599700
32392696.491578 4865567.949175 -163.787994 0.600000
32392735.087588 4865967.432253 -254.524994 0.600000
32392734.728189 4865945.209874 -254.248001 0.600000
32392734.548490 4865934.098684 -254.091003 0.600000
32392734.189093 4865911.876307 -254.065994 0.600100
32392734.009395 4865900.765118 -252.567993 0.600000
32392733.649999 4865878.542741 -241.266998 0.600000
32392733.470302 4865867.431553 -241.498993 0.599900
32392733.290606 4865856.320365 -236.279999 0.599800
32392732.931213 4865834.097990 -222.023987 0.599600
32392732.751518 4865822.986803 -222.131012 0.599300
32392732.392127 4865800.764429 -215.466003 0.599100
32392732.212432 4865789.653242 -206.691010 0.598900
32392731.853044 4865767.430869 -198.852997 0.598300
32392731.673350 4865756.319683 -198.899994 0.598800
32392731.313963 4865734.097311 -186.545013 0.598600
32392731.134271 4865722.986125 -177.993988 0.598500
32392730.954578 4865711.874940 -178.113007 0.598200
32392730.595194 4865689.652569 -177.748993 0.598300
32392730.415503 4865678.541384 -178.039001 0.598500
32392730.056121 4865656.319015 -168.199005 0.598800
32392729.876430 4865645.207831 -169.220001 0.599200
32392729.517050 4865622.985462 -169.881989 0.599400
32392729.337361 4865611.874279 -168.351013 0.599500
32392729.157672 4865600.763095 -161.920013 0.599500
32392728.798294 4865578.540728 -164.114990 0.599700
32392728.618606 4865567.429545 -163.553009 0.600000
32392767.212678 4865966.912775 -255.707993 0.600000
32392766.853386 4865944.690397 -254.072998 0.600000
32392766.673741 4865933.579207 -253.865997 0.600000
32392766.314452 4865911.356830 -253.841995 0.600000
32392766.134808 4865900.245641 -251.276001 0.600100
32392765.775520 4865878.023265 -241.408997 0.600000
32392765.595877 4865866.912077 -239.399994 0.599900
32392765.416234 4865855.800889 -231.234985 0.599800
32392765.056949 4865833.578514 -222.579987 0.599600
32392764.877307 4865822.467327 -222.627014 0.599400
32392764.518025 4865800.244953 -211.040009 0.599200
32392764.338384 4865789.133766 -202.700989 0.599100
32392763.979103 4865766.911393 -199.187988 0.599000
32392763.799463 4865755.800207 -198.932007 0.598900
32392763.440184 4865733.577835 -187.434998 0.598800
32392763.260545 4865722.466650 -178.652008 0.598500
32392763.080906 4865711.355464 -178.138000 0.598300
32392762.721630 4865689.133094 -177.260986 0.598300
32392762.541993 4865678.021909 -178.502014 0.598500
32392762.182718 4865655.799540 -169.329010 0.598900
32392762.003082 4865644.688356 -170.972992 0.599300
32392761.643809 4865622.465987 -171.391998 0.599500
32392761.464174 4865611.354804 -169.867004 0.599600
32392761.284538 4865600.243620 -162.735992 0.599600
32392760.925269 4865578.021254 -164.076996 0.599800
32392760.745634 4865566.910071 -164.164001 0.600100
32392799.337767 4865966.393454 -255.076004 0.600000
32392798.978584 4865944.171075 -253.826996 0.600000
32392798.798992 4865933.059886 -252.751999 0.600000
32392798.439811 4865910.837509 -252.322998 0.600000
32392798.260220 4865899.726320 -245.686996 0.600100
32392797.901041 4865877.503944 -241.433014 0.600000
32392797.721451 4865866.392756 -236.179993 0.599900
32392797.541862 4865855.281568 -227.105011 0.599800
32392797.182685 4865833.059193 -223.233002 0.599700
32392797.003097 4865821.948006 -222.545013 0.599600
32392796.643922 4865799.725632 -206.237000 0.599400
32392796.464335 4865788.614446 -198.959991 0.599300
32392796.105162 4865766.392073 -199.000000 0.599100
32392795.925576 4865755.280887 -198.644012 0.599000
32392795.566404 4865733.058515 -192.959015 0.598900
32392795.386819 4865721.947330 -185.217011 0.598700
32392795.207235 4865710.836144 -177.843994 0.598400
32392794.848066 4865688.613774 -177.976013 0.598400
32392794.668482 4865677.502589 -177.399994 0.598600
32392794.309316 4865655.280220 -172.147003 0.598900
32392794.129733 4865644.169036 -172.656006 0.599300
32392793.770568 4865621.946668 -173.688995 0.599600
32392793.590986 4865610.835485 -170.609009 0.599700
32392793.411405 4865599.724301 -161.848999 0.599800
32392793.052243 4865577.501935 -164.113007 0.599900
32392792.872662 4865566.390752 -163.824005 0.600100
32392831.462857 4865965.874288 -255.110992 0.600000
32392831.103781 4865943.651910 -253.740997 0.600000
32392830.924244 4865932.540721 -253.307007 0.600000
32392830.565170 4865910.318343 -246.660004 0.600000
32392830.385633 4865899.207155 -241.007996 0.600100
32392830.026561 4865876.984779 -241.273010 0.600000
32392829.847025 4865865.873591 -235.433014 0.600000
32392829.667490 4865854.762403 -226.667999 0.600000
32392829.308421 4865832.540028 -223.600006 0.599900
32392829.128887 4865821.428841 -223.437988 0.599800
32392828.769819 4865799.206467 -209.181000 0.599600
32392828.590286 4865788.095281 -201.057007 0.599400
32392828.231220 4865765.872908 -199.147003 0.599200
32392828.051688 4865754.761722 -198.907013 0.599100
32392827.692625 4865732.539351 -198.583008 0.599100
32392827.513093 4865721.428165 -196.777008 0.598800
32392827.333562 4865710.316980 -190.348999 0.598400
32392826.974501 4865688.094610 -177.830994 0.598500
32392826.794971 4865676.983425 -178.182007 0.598700
32392826.435913 4865654.761057 -178.161987 0.598900
32392826.256384 4865643.649872 -176.678009 0.599300
32392825.897327 4865621.427505 -175.980988 0.599600
32392825.717799 4865610.316321 -171.703003 0.599800
32392825.538271 4865599.205138 -164.042999 0.599900
32392825.179217 4865576.982771 -164.095001 0.600000
32392824.999690 4865565.871588 -163.433990 0.600100
32392863.587946 4865965.355278 -253.656998 0.600000
32392863.228978 4865943.132900 -253.787003 0.600000
32392863.049494 4865932.021711 -249.972000 0.600000
32392862.690528 4865909.799333 -242.125000 0.600000
32392862.511045 4865898.688145 -241.898987 0.600100
32392862.152081 4865876.465769 -241.582001 0.600100
32392861.972599 4865865.354581 -238.841003 0.600100
32392861.793118 4865854.243394 -230.494995 0.600100
32392861.434156 4865832.021019 -223.691010 0.600000
32392861.254676 4865820.909832 -223.809998 0.599900
32392860.895716 4865798.687458 -221.186005 0.599700
32392860.716237 4865787.576272 -216.903992 0.599400
32392860.357279 4865765.353899 -204.489014 0.599300
32392860.177800 4865754.242713 -198.998993 0.599200
32392859.818845 4865732.020342 -198.945007 0.599200
32392859.639367 4865720.909157 -199.015015 0.598900
32392859.459890 4865709.797972 -198.847992 0.598900
32392859.100937 4865687.575602 -187.786987 0.598800
32392858.921461 4865676.464417 -180.291992 0.598800
32392858.562509 4865654.242048 -179.286011 0.599000
32392858.383034 4865643.130864 -178.761993 0.599300
32392858.024085 4865620.908497 -178.746002 0.599600
32392857.844611 4865609.797313 -173.963989 0.599800
32392857.665137 4865598.686130 -165.427002 0.600000
32392857.306190 4865576.463764 -164.125000 0.600000
32392857.126718 4865565.352581 -163.673004 0.600100
32392895.713036 4865964.836423 -253.194000 0.600000
32392895.354175 4865942.614045 -253.404999 0.600000
32392895.174745 4865931.502856 -251.382996 0.600000
32392894.815886 4865909.280479 -241.174988 0.600000
32392894.636458 4865898.169291 -242.131989 0.600000
32392894.277601 4865875.946915 -241.746002 0.600100
32392894.098173 4865864.835727 -241.697998 0.600100
32392893.918746 4865853.724540 -241.519989 0.600100
32392893.559891 4865831.502165 -232.953003 0.600100
32392893.380465 4865820.390978 -227.039001 0.599900
32392893.021613 4865798.168605 -222.161011 0.599700
32392892.842187 4865787.057419 -221.903015 0.599400
32392892.483337 4865764.835046 -218.578003 0.599300
32392892.303912 4865753.723860 -210.317993 0.599300
32392891.945064 4865731.501489 -199.894989 0.599300
32392891.765641 4865720.390304 -200.096985 0.599300
32392891.586217 4865709.279119 -199.816010 0.599200
32392891.227372 4865687.056749 -196.566010 0.599100
32392891.047950 4865675.945564 -187.824005 0.599000
32392890.689106 4865653.723196 -180.035004 0.599100
32392890.509685 4865642.612012 -179.894012 0.599400
32392890.150843 4865620.389644 -179.516998 0.599600
32392889.971423 4865609.278461 -173.200012 0.599900
32392889.792003 4865598.167278 -165.195007 0.600000
32392889.433164 4865575.944912 -164.268005 0.600100
32392889.253745 4865564.833729 -164.355011 0.600000
32392927.838125 4865964.317725 -253.809998 0.600000
32392927.479372 4865942.095347 -253.695999 0.600000
32392927.299996 4865930.984158 -253.628998 0.600000
32392926.941245 4865908.761781 -251.061996 0.600000
32392926.761870 4865897.650593 -250.697006 0.600000
32392926.403121 4865875.428217 -248.429001 0.600000
32392926.223747 4865864.317029 -247.026001 0.600100
32392926.044373 4865853.205842 -244.839996 0.600100
32392925.685626 4865830.983467 -242.746002 0.600100
32392925.506254 4865819.872280 -236.557007 0.599900
32392925.147509 4865797.649907 -221.493988 0.599700
32392924.968138 4865786.538721 -220.976013 0.599500
32392924.609395 4865764.316349 -219.931000 0.599300
32392924.430024 4865753.205163 -214.846008 0.599300
32392924.071284 4865730.982792 -200.002014 0.599500
32392923.891914 4865719.871607 -200.403992 0.599600
32392923.712545 4865708.760422 -200.019989 0.599500
32392923.353807 4865686.538052 -198.214996 0.599500
32392923.174438 4865675.426867 -192.917999 0.599400
32392922.815702 4865653.204499 -180.247009 0.599400
32392922.636335 4865642.093315 -180.328003 0.599500
32392922.277601 4865619.870948 -179.437012 0.599700
32392922.098235 4865608.759764 -178.562012 0.599900
32392921.918868 4865597.648581 -171.832001 0.600000
32392921.560137 4865575.426215 -164.079987 0.600100
32392921.380772 4865564.315033 -163.963989 0.600000
32392959.963213 4865963.799181 -254.141998 0.600000
32392959.604568 4865941.576804 -255.035995 0.600000
32392959.425246 4865930.465615 -254.947006 0.600000
32392959.066603 4865908.243238 -255.076004 0.600000
32392958.887281 4865897.132050 -253.514008 0.600000
32392958.528640 4865874.909674 -249.205994 0.600000
32392958.349320 4865863.798487 -249.065002 0.600100
32392958.170000 4865852.687299 -245.067001 0.600100
32392957.811361 4865830.464925 -235.634003 0.600100
32392957.632042 4865819.353738 -230.864014 0.599900
32392957.273406 4865797.131365 -231.049988 0.599700
32392957.094088 4865786.020179 -226.915985 0.599500
32392956.735453 4865763.797807 -220.925995 0.598900
32392956.556136 4865752.686621 -219.795013 0.599300
32392956.197503 4865730.464250 -206.804993 0.599600
32392956.018187 4865719.353065 -199.502991 0.599800
32392955.838872 4865708.241880 -200.739014 0.599800
32392955.480241 4865686.019511 -199.582001 0.599800
32392955.300927 4865674.908326 -193.997009 0.599700
32392954.942299 4865652.685958 -180.933990 0.599700
32392954.762985 4865641.574774 -181.061005 0.599700
32392954.404359 4865619.352407 -179.259003 0.599800
32392954.225046 4865608.241223 -180.506012 0.600000
32392954.045734 4865597.130040 -179.765015 0.600100
32392953.687110 4865574.907675 -178.412994 0.600100
32392953.507799 4865563.796492 -174.591003 0.600000
32392992.088302 4865963.280794 -260.460007 0.600000
32392991.729764 4865941.058416 -256.503998 0.600000
32392991.550496 4865929.947228 -255.242004 0.600000
32392991.191960 4865907.724851 -255.195007 0.600000
32392991.012693 4865896.613663 -255.139999 0.600000
32392990.654159 4865874.391287 -252.526001 0.600000
32392990.474893 4865863.280100 -251.964005 0.600000
32392990.295627 4865852.168912 -248.074997 0.600100
32392989.937096 4865829.946538 -239.932007 0.600100
32392989.757831 4865818.835352 -236.799011 0.599900
32392989.399302 4865796.612979 -231.523987 0.599800
32392989.220038 4865785.501792 -229.868988 0.599600
32392988.861511 4865763.279421 -221.584015 0.599500
32392988.682248 4865752.168235 -221.714996 0.599600
32392988.323722 4865729.945864 -214.540985 0.599700
32392988.144460 4865718.834679 -205.697998 0.599900
32392987.965199 4865707.723494 -200.953003 0.600000
32392987.606676 4865685.501125 -200.618011 0.600000
32392987.427415 4865674.389940 -197.102997 0.599900
32392987.068895 4865652.167572 -180.854004 0.599900
32392986.889635 4865641.056388 -181.704010 0.599900
32392986.531116 4865618.834021 -180.359009 0.599900
32392986.351857 4865607.722838 -180.925995 0.600000
32392986.172599 4865596.611655 -180.475006 0.600100
32392985.814083 4865574.389290 -180.162994 0.600100
32392985.634826 4865563.278107 -180.924988 0.600000
32393024.213390 4865962.762562 -260.806000 0.600000
32393023.854960 4865940.540184 -256.940002 0.600000
32393023.675746 4865929.428996 -255.537994 0.600000
32393023.317318 4865907.206619 -255.778000 0.600000
32393023.138104 4865896.095431 -255.688995 0.600000
32393022.779678 4865873.873056 -254.449005 0.600000
32393022.600466 4865862.761869 -253.951004 0.600000
32393022.421254 4865851.650681 -253.225006 0.600000
32393022.062830 4865829.428307 -241.812988 0.600000
32393021.883619 4865818.317121 -236.786987 0.600000
32393021.525198 4865796.094748 -230.661987 0.599900
32393021.345987 4865784.983562 -231.170990 0.599800
32393020.987568 4865762.761190 -221.230988 0.599700
32393020.808359 4865751.650004 -221.936005 0.599700
32393020.449941 4865729.427634 -219.600006 0.599800
32393020.270733 4865718.316449 -212.050995 0.600000
32393020.091525 4865707.205264 -202.640015 0.600000
32393019.733110 4865684.982895 -200.983002 0.600100
32393019.553903 4865673.871710 -199.200012 0.600100
32393019.195490 4865651.649342 -183.122986 0.600000
32393019.016284 4865640.538159 -182.395996 0.600000
32393018.657874 4865618.315792 -180.842011 0.600000
32393018.478669 4865607.204609 -181.997009 0.600000
32393018.299464 4865596.093426 -180.334991 0.600100
32393017.941056 4865573.871060 -181.006989 0.600000
32393017.761852 4865562.759878 -181.119995 0.600000
32393056.338478 4865962.244486 -260.785995 0.600000
32393055.980156 4865940.022108 -258.882996 0.600000
32393055.800995 4865928.910920 -255.526001 0.600000
32393055.442675 4865906.688544 -255.565994 0.600000
32393055.263516 4865895.577356 -255.457001 0.600000
32393054.905197 4865873.354980 -251.852005 0.600000
32393054.726039 4865862.243793 -251.996994 0.600000
32393054.546880 4865851.132606 -251.576004 0.600000
32393054.188564 4865828.910232 -247.110992 0.600000
32393054.009407 4865817.799045 -239.911011 0.600000
32393053.651093 4865795.576673 -232.880005 0.600000
32393053.471937 4865784.465487 -230.412994 0.600000
32393053.113625 4865762.243115 -228.759003 0.600000
32393052.934470 4865751.131930 -220.661987 0.600000
32393052.576160 4865728.909559 -221.295990 0.600000
32393052.397006 4865717.798374 -216.338013 0.600100
32393052.217852 4865706.687189 -207.622986 0.600100
32393051.859544 4865684.464820 -201.098999 0.600100
32393051.680391 4865673.353636 -199.496002 0.600100
32393051.322086 4865651.131268 -184.471008 0.600100
32393051.142934 4865640.020085 -182.865997 0.600100
32393050.784631 4865617.797718 -181.653992 0.600000
32393050.605480 4865606.686535 -182.627991 0.600000
32393050.426329 4865595.575352 -182.130005 0.600000
32393050.068028 4865573.352986 -181.134003 0.600000
32393049.888878 4865562.241804 -181.420013 0.600000
32392261.242487 4865975.112621 -358.529999 0.700000
32392260.881499 4865952.890240 -359.130005 0.700000
32392260.701006 4865941.779050 -359.830002 0.700000
32392260.340021 4865919.556670 -360.026993 0.700000
32392260.159529 4865908.445481 -358.059006 0.700000
32392259.798545 4865886.223102 -351.904007 0.700000
32392259.618054 4865875.111913 -343.075012 0.700000
32392259.437563 4865864.000724 -340.683990 0.700000
32392259.076583 4865841.778346 -339.063995 0.700000
32392258.896093 4865830.667158 -335.005005 0.700000
32392258.535114 4865808.444782 -326.621002 0.700000
32392258.354625 4865797.333594 -326.321014 0.700000
32392257.993649 4865775.111219 -326.226990 0.700000
32392257.813161 4865764.000032 -324.154999 0.700000
32392257.452186 4865741.777658 -309.769989 0.700000
32392257.271699 4865730.666471 -303.640991 0.700000
32392257.091213 4865719.555284 -304.859985 0.700000
32392256.730240 4865697.332912 -304.635010 0.700000
32392256.549755 4865686.221726 -304.290985 0.700000
32392256.188785 4865663.999355 -303.748993 0.700000
32392256.008300 4865652.888169 -303.869995 0.700000
32392255.647332 4865630.665799 -300.196991 0.700000
32392255.466848 4865619.554614 -297.971008 0.700000
32392255.286365 4865608.443429 -294.769989 0.700000
32392254.925400 4865586.221060 -293.562012 0.700000
32392254.744917 4865575.109876 -292.803009 0.700000
32392293.367580 4865974.590848 -358.904999 0.700000
32392293.006700 4865952.368467 -359.776993 0.700000
32392292.826261 4865941.257277 -360.113998 0.700000
32392292.465383 4865919.034897 -358.149994 0.700000
32392292.284945 4865907.923708 -358.020004 0.700000
32392291.924069 4865885.701329 -340.968994 0.700000
32392291.743632 4865874.590140 -341.001007 0.700000
32392291.563195 4865863.478951 -340.687012 0.700000
32392291.202322 4865841.256574 -329.709015 0.700000
32392291.021886 4865830.145386 -326.466003 0.700000
32392290.661015 4865807.923010 -326.148987 0.700000
32392290.480580 4865796.811822 -325.997009 0.700000
32392290.119711 4865774.589447 -319.153015 0.700000
32392289.939277 4865763.478260 -312.485992 0.700100
32392289.578410 4865741.255886 -303.035004 0.700000
32392289.397977 4865730.144699 -303.022003 0.700000
32392289.217544 4865719.033513 -302.963989 0.700000
32392288.856679 4865696.811141 -302.807007 0.700000
32392288.676248 4865685.699955 -302.049011 0.700100
32392288.315385 4865663.477583 -294.187012 0.700100
32392288.134954 4865652.366398 -289.550995 0.700100
32392287.774094 4865630.144028 -282.027008 0.700100
32392287.593664 4865619.032843 -281.989990 0.700100
32392287.413235 4865607.921658 -281.958008 0.700100
32392287.052377 4865585.699290 -282.036011 0.700000
32392286.871949 4865574.588106 -282.247986 0.700000
32392325.492672 4865974.069231 -359.143005 0.700000
32392325.131901 4865951.846850 -359.850998 0.700000
32392324.951515 4865940.735660 -360.225998 0.700000
32392324.590745 4865918.513280 -358.115005 0.700100
32392324.410361 4865907.402091 -352.985992 0.700100
32392324.049593 4865885.179712 -341.263000 0.700100
32392323.869209 4865874.068523 -340.964996 0.700100
32392323.688826 4865862.957335 -339.348999 0.700100
32392323.328061 4865840.734958 -326.272003 0.700100
32392323.147678 4865829.623769 -326.703003 0.700100
32392322.786915 4865807.401393 -325.183014 0.700000
32392322.606534 4865796.290206 -320.334991 0.700100
32392322.245773 4865774.067831 -305.989990 0.700100
32392322.065392 4865762.956644 -302.558990 0.700100
32392321.704633 4865740.734270 -301.575989 0.700100
32392321.524254 4865729.623083 -301.226990 0.700100
32392321.343875 4865718.511897 -301.203003 0.700100
32392320.983118 4865696.289525 -296.792999 0.700100
32392320.802740 4865685.178339 -289.977997 0.700100
32392320.441985 4865662.955968 -281.936005 0.700100
32392320.261609 4865651.844783 -281.977997 0.700100
32392319.900856 4865629.622413 -282.186005 0.700100
32392319.720480 4865618.511228 -281.183014 0.700100
32392319.540104 4865607.400043 -282.006989 0.700100
32392319.179354 4865585.177675 -276.187988 0.700100
32392318.998980 4865574.066491 -274.846008 0.700000
32392357.617765 4865973.547769 -358.882996 0.700000
32392357.257101 4865951.325388 -360.212997 0.700000
32392357.076769 4865940.214198 -360.315994 0.700100
32392356.716107 4865917.991819 -355.419006 0.700100
32392356.535776 4865906.880629 -346.539001 0.700100
32392356.175116 4865884.658251 -341.268005 0.700100
32392355.994786 4865873.547062 -340.925995 0.700100
32392355.814457 4865862.435873 -339.458008 0.700100
32392355.453799 4865840.213497 -326.385010 0.700200
32392355.273471 4865829.102308 -326.309998 0.700200
32392354.912815 4865806.879933 -323.362000 0.700100
32392354.732488 4865795.768745 -315.859009 0.700000
32392354.371834 4865773.546370 -301.601013 0.700100
32392354.191508 4865762.435183 -301.476990 0.700100
32392353.830856 4865740.212810 -301.041992 0.700100
32392353.650531 4865729.101623 -299.592011 0.700100
32392353.470206 4865717.990437 -292.066986 0.700200
32392353.109557 4865695.768065 -281.911987 0.700200
32392352.929233 4865684.656879 -282.119995 0.700200
32392352.568586 4865662.434508 -282.347992 0.700100
32392352.388262 4865651.323323 -281.404999 0.700100
32392352.027617 4865629.100953 -274.750000 0.700000
32392351.847295 4865617.989768 -270.186005 0.700100
32392351.666974 4865606.878584 -263.727997 0.700100
32392351.306331 4865584.656215 -263.759003 0.700100
32392351.126010 4865573.545031 -263.665009 0.700000
32392389.742857 4865973.026463 -360.350998 0.700000
32392389.382301 4865950.804082 -360.427994 0.700000
32392389.202023 4865939.692892 -359.033997 0.700100
32392388.841469 4865917.470513 -350.733002 0.700100
32392388.661192 4865906.359324 -342.627014 0.700000
32392388.300639 4865884.136945 -341.306000 0.700000
32392388.120363 4865873.025757 -340.317993 0.700100
32392387.940088 4865861.914568 -335.138000 0.700200
32392387.579538 4865839.692191 -325.803986 0.700200
32392387.399263 4865828.581003 -325.446991 0.700200
32392387.038715 4865806.358627 -317.084991 0.700100
32392386.858442 4865795.247440 -309.057007 0.700100
32392386.497896 4865773.025065 -301.725006 0.700000
32392386.317623 4865761.913878 -301.170990 0.700000
32392385.957079 4865739.691505 -292.804993 0.700100
32392385.776808 4865728.580319 -285.502991 0.700200
32392385.596536 4865717.469132 -282.592987 0.700200
32392385.235995 4865695.246760 -282.330994 0.700300
32392385.055725 4865684.135575 -282.044006 0.700200
32392384.695185 4865661.913204 -276.979004 0.700100
32392384.514916 4865650.802019 -271.125000 0.700000
32392384.154379 4865628.579649 -263.895996 0.700000
32392383.974110 4865617.468464 -263.923004 0.700000
32392383.793843 4865606.357280 -263.911987 0.700000
32392383.433308 4865584.134912 -263.993988 0.700000
32392383.253041 4865573.023728 -264.074005 0.700000
32392421.867950 4865972.505312 -360.449997 0.700000
32392421.507501 4865950.282932 -360.541000 0.700100
32392421.327277 4865939.171742 -358.632996 0.700100
32392420.966830 4865916.949363 -347.945999 0.700000
32392420.786607 4865905.838174 -341.946991 0.700000
32392420.426162 4865883.615796 -341.928986 0.700000
32392420.245940 4865872.504607 -339.984009 0.700000
32392420.065718 4865861.393418 -333.161987 0.700100
32392419.705276 4865839.171042 -324.777008 0.700200
32392419.525055 4865828.059854 -324.915985 0.700200
32392419.164615 4865805.837478 -313.489014 0.700200
32392418.984395 4865794.726291 -306.041992 0.700100
32392418.623957 4865772.503916 -302.007996 0.700000
32392418.443738 4865761.392729 -300.181000 0.700000
32392418.083302 4865739.170356 -285.627991 0.700100
32392417.903084 4865728.059170 -283.153992 0.700200
32392417.722867 4865716.947983 -282.998993 0.700300
32392417.362433 4865694.725612 -281.556000 0.700300
32392417.182217 4865683.614426 -277.635986 0.700200
32392416.821785 4865661.392055 -263.045013 0.700100
32392416.641570 4865650.280870 -263.524994 0.700000
32392416.281140 4865628.058501 -264.002014 0.700000
32392416.100925 4865616.947316 -264.149994 0.700000
32392415.920711 4865605.836132 -264.235992 0.700000
32392415.560284 4865583.613764 -264.009003 0.700100
32392415.380071 4865572.502580 -263.895996 0.700000
32392453.993042 4865971.984317 -360.367004 0.700000
32392453.632700 4865949.761937 -360.369995 0.700100
32392453.452530 4865938.650747 -358.296997 0.700100
32392453.092191 4865916.428368 -348.404007 0.700000
32392452.912022 4865905.317179 -343.365997 0.700000
32392452.551685 4865883.094801 -341.832001 0.699900
32392452.371517 4865871.983613 -338.312012 0.700000
32392452.191349 4865860.872424 -331.475006 0.700100
32392451.831014 4865838.650048 -324.566986 0.700200
32392451.650847 4865827.538860 -324.446014 0.700200
32392451.290515 4865805.316484 -310.587006 0.700200
32392451.110349 4865794.205297 -301.442993 0.700200
32392450.750018 4865771.982923 -302.041992 0.700100
32392450.569853 4865760.871736 -300.194000 0.700100
32392450.209525 4865738.649363 -285.968994 0.700100
32392450.029361 4865727.538176 -283.096985 0.700200
32392449.849197 4865716.426990 -283.131012 0.700400
32392449.488871 4865694.204619 -282.098999 0.700300
32392449.308709 4865683.093433 -277.062988 0.700200
32392448.948384 4865660.871062 -262.821014 0.700100
32392448.768223 4865649.759877 -263.691010 0.700000
32392448.407901 4865627.537508 -263.860992 0.699900
32392448.227740 4865616.426324 -264.139008 0.700000
32392448.047580 4865605.315139 -264.000000 0.700100
32392447.687261 4865583.092771 -263.953003 0.700100
32392447.507101 4865571.981588 -263.739990 0.700000
32392478.086861 4865971.593673 -360.244003 0.700000
32392477.726600 4865949.371293 -360.194000 0.700100
32392477.546470 4865938.260104 -357.876999 0.700100
32392477.186212 4865916.037725 -347.649002 0.700000
32392477.006083 4865904.926536 -344.766006 0.700000
32392476.645827 4865882.704158 -340.061005 0.700000
32392476.465699 4865871.592969 -340.240997 0.700000
32392476.285571 4865860.481781 -334.792999 0.700000
32392475.925317 4865838.259404 -324.149994 0.700100
32392475.745191 4865827.148216 -323.997986 0.700200
32392475.384939 4865804.925841 -312.532989 0.700200
32392475.204814 4865793.814654 -303.748993 0.700200
32392474.844564 4865771.592280 -302.281006 0.700200
32392474.664439 4865760.481093 -301.834015 0.700100
32392474.304191 4865738.258720 -288.252991 0.700200
32392474.124068 4865727.147534 -282.558014 0.700300
32392473.943945 4865716.036347 -282.976013 0.700400
32392473.583699 4865693.813976 -281.683990 0.700300
32392473.403577 4865682.702790 -279.058990 0.700200
32392473.043334 4865660.480420 -262.333008 0.700100
32392472.863213 4865649.369235 -263.358002 0.700000
32392472.502971 4865627.146866 -263.898987 0.700000
32392472.322851 4865616.035681 -263.976990 0.700100
32392472.142731 4865604.924497 -263.829987 0.700100
32392471.782493 4865582.702129 -263.321014 0.700100
32392471.602374 4865571.590946 -263.359985 0.700000
32392510.211952 4865971.072951 -359.707001 0.700000
32392509.851799 4865948.850571 -359.904999 0.700100
32392509.671723 4865937.739381 -358.095993 0.700100
32392509.311573 4865915.517003 -347.399002 0.700100
32392509.131498 4865904.405814 -346.871994 0.700100
32392508.771349 4865882.183436 -339.812988 0.700000
32392508.591275 4865871.072247 -340.024994 0.700000
32392508.411201 4865859.961059 -333.906006 0.700000
32392508.051055 4865837.738683 -323.903992 0.699900
32392507.870983 4865826.627495 -323.773987 0.700200
32392507.510838 4865804.405120 -314.621002 0.700300
32392507.330767 4865793.293932 -306.372986 0.700300
32392506.970624 4865771.071558 -301.493988 0.700200
32392506.790554 4865759.960372 -301.278992 0.700200
32392506.430414 4865737.737999 -291.001007 0.700300
32392506.250344 4865726.626813 -282.804993 0.700300
32392506.070275 4865715.515627 -281.372986 0.700300
32392505.710137 4865693.293255 -280.489990 0.700300
32392505.530069 4865682.182070 -276.118011 0.700200
32392505.169933 4865659.959700 -261.665985 0.700100
32392504.989866 4865648.848515 -263.205994 0.700100
32392504.629732 4865626.626145 -263.549011 0.700100
32392504.449666 4865615.514961 -263.528992 0.700200
32392504.269600 4865604.403777 -263.298004 0.700200
32392503.909469 4865582.181409 -263.484985 0.700200
32392503.729404 4865571.070226 -263.346008 0.700000
32392542.337044 4865970.552384 -359.063995 0.700000
32392541.976998 4865948.330004 -359.209000 0.700100
32392541.796976 4865937.218815 -357.203003 0.700100
32392541.436933 4865914.996436 -347.921005 0.700100
32392541.256912 4865903.885247 -348.557007 0.700100
32392540.896871 4865881.662870 -339.582001 0.700100
32392540.716851 4865870.551681 -340.098999 0.700100
32392540.536831 4865859.440493 -333.502014 0.700100
32392540.176793 4865837.218117 -323.669006 0.700200
32392539.996774 4865826.106929 -323.600006 0.700200
32392539.636737 4865803.884554 -313.984985 0.700200
32392539.456720 4865792.773367 -305.239990 0.700300
32392539.096685 4865770.550993 -301.420990 0.700200
32392538.916668 4865759.439806 -301.244995 0.700300
32392538.556636 4865737.217434 -290.596008 0.700400
32392538.376620 4865726.106247 -282.177002 0.700400
32392538.196604 4865714.995062 -279.595001 0.700300
32392537.836574 4865692.772690 -279.963013 0.700200
32392537.656560 4865681.661505 -277.238007 0.700200
32392537.296532 4865659.439135 -262.329010 0.699900
32392537.116518 4865648.327950 -263.653015 0.700100
32392536.756492 4865626.105581 -263.803009 0.700200
32392536.576480 4865614.994397 -263.579010 0.700300
32392536.396468 4865603.883213 -263.622009 0.700300
32392536.036444 4865581.660845 -263.796997 0.700200
32392535.856433 4865570.549662 -263.632996 0.700000
32392574.462135 4865970.031973 -358.225998 0.700000
32392574.102197 4865947.809593 -358.494995 0.700000
32392573.922229 4865936.698404 -356.632996 0.700100
32392573.562294 4865914.476025 -350.487000 0.700100
32392573.382326 4865903.364836 -350.539001 0.700100
32392573.022393 4865881.142459 -338.911011 0.700100
32392572.842427 4865870.031271 -339.954010 0.700100
32392572.662461 4865858.920082 -336.347992 0.700100
32392572.302530 4865836.697706 -322.851990 0.700200
32392572.122565 4865825.586519 -322.669006 0.700200
32392571.762636 4865803.364144 -314.885986 0.700300
32392571.582672 4865792.252957 -306.596985 0.700200
32392571.222745 4865770.030583 -300.911987 0.700300
32392571.042782 4865758.919397 -300.697998 0.700300
32392570.682857 4865736.697024 -291.816986 0.700400
32392570.502895 4865725.585838 -283.214996 0.700400
32392570.322934 4865714.474652 -279.811005 0.700300
32392569.963012 4865692.252281 -280.019989 0.700200
32392569.783051 4865681.141096 -277.519012 0.700200
32392569.423131 4865658.918726 -261.941986 0.700100
32392569.243171 4865647.807541 -263.497009 0.700200
32392568.883253 4865625.585172 -263.230011 0.700300
32392568.703294 4865614.473988 -263.334015 0.700300
32392568.523336 4865603.362804 -263.575989 0.700300
32392568.163420 4865581.140436 -263.644012 0.700200
32392567.983462 4865570.029253 -263.316010 0.700000
32392606.587226 4865969.511718 -357.242996 0.700000
32392606.227396 4865947.289338 -357.526001 0.700000
32392606.047482 4865936.178149 -355.466003 0.700000
32392605.687654 4865913.955770 -352.218994 0.700100
32392605.507740 4865902.844581 -352.268997 0.700100
32392605.147915 4865880.622204 -340.463989 0.700200
32392604.968002 4865869.511016 -339.585999 0.700200
32392604.788090 4865858.399828 -337.087006 0.700200
32392604.428267 4865836.177452 -321.954010 0.700200
32392604.248356 4865825.066264 -322.131989 0.700200
32392603.888535 4865802.843890 -317.270996 0.700200
32392603.708625 4865791.732703 -308.257996 0.700200
32392603.348805 4865769.510329 -300.451996 0.700300
32392603.168896 4865758.399142 -300.118988 0.700400
32392602.809079 4865736.176770 -293.899994 0.700400
32392602.629171 4865725.065584 -285.604004 0.700400
32392602.449263 4865713.954398 -278.562012 0.700400
32392602.089448 4865691.732027 -279.699005 0.700300
32392601.909542 4865680.620842 -274.937012 0.699600
32392601.549729 4865658.398472 -262.420013 0.700200
32392601.369823 4865647.287288 -264.278992 0.700200
32392601.010013 4865625.064919 -264.175995 0.700300
32392600.830108 4865613.953735 -263.783997 0.700300
32392600.650203 4865602.842551 -263.382996 0.700200
32392600.290395 4865580.620183 -263.717011 0.700100
32392600.110492 4865569.509000 -263.217011 0.700000
32392638.712317 4865968.991618 -356.005997 0.700000
32392638.352594 4865946.769239 -356.044006 0.700000
32392638.172734 4865935.658049 -354.723999 0.700000
32392637.813014 4865913.435671 -353.826004 0.700000
32392637.633154 4865902.324482 -354.039993 0.700100
32392637.273436 4865880.102105 -342.169006 0.700100
32392637.093578 4865868.990917 -339.385010 0.700200
32392636.913719 4865857.879729 -337.734985 0.700200
32392636.554004 4865835.657353 -321.175995 0.700200
32392636.374147 4865824.546165 -321.871002 0.700200
32392636.014433 4865802.323791 -318.032013 0.700200
32392635.834577 4865791.212604 -308.829987 0.700200
32392635.474865 4865768.990230 -300.071991 0.700300
32392635.295010 4865757.879044 -299.951996 0.700400
32392634.935300 4865735.656672 -293.872009 0.700400
32392634.755446 4865724.545486 -285.470001 0.700400
32392634.575592 4865713.434300 -278.031006 0.700400
32392634.215885 4865691.211929 -279.066986 0.700300
32392634.036032 4865680.100744 -273.510010 0.700300
32392633.676327 4865657.878374 -264.795013 0.700300
32392633.496475 4865646.767190 -265.174011 0.700300
32392633.136772 4865624.544821 -265.559998 0.700200
32392632.956921 4865613.433637 -263.579987 0.700200
32392632.777071 4865602.322453 -263.250000 0.700100
32392632.417370 4865580.100086 -263.737000 0.700100
32392632.237521 4865568.988903 -263.001007 0.700000
32392670.837407 4865968.471674 -354.449997 0.700000
32392670.477793 4865946.249295 -354.492004 0.700000
32392670.297986 4865935.138105 -354.434998 0.700000
32392669.938374 4865912.915727 -352.964005 0.700000
32392669.758568 4865901.804538 -354.990005 0.700000
32392669.398957 4865879.582161 -344.272003 0.700100
32392669.219153 4865868.470973 -339.380005 0.700100
32392669.039348 4865857.359785 -338.842987 0.700100
32392668.679741 4865835.137410 -323.020996 0.700200
32392668.499937 4865824.026222 -321.644989 0.700200
32392668.140331 4865801.803848 -315.618011 0.700200
32392667.960529 4865790.692661 -307.212006 0.700200
32392667.600925 4865768.470288 -299.704010 0.700300
32392667.421124 4865757.359101 -299.515015 0.700400
32392667.061522 4865735.136729 -294.412994 0.700400
32392666.881721 4865724.025543 -286.354004 0.700400
32392666.701921 4865712.914358 -277.416992 0.700300
32392666.342322 4865690.691987 -278.757996 0.700300
32392666.162523 4865679.580802 -278.697998 0.700300
32392665.802925 4865657.358432 -266.002014 0.700300
32392665.623127 4865646.247248 -266.561005 0.700300
32392665.263532 4865624.024879 -266.705994 0.700200
32392665.083735 4865612.913695 -262.572998 0.700100
32392664.903938 4865601.802512 -263.341003 0.700000
32392664.544345 4865579.580145 -263.782989 0.700000
32392664.364549 4865568.468961 -263.446991 0.700000
32392702.962498 4865967.951885 -352.384003 0.700000
32392702.602991 4865945.729506 -353.975006 0.700000
32392702.423238 4865934.618317 -354.054993 0.700000
32392702.063733 4865912.395939 -354.261002 0.700000
32392701.883981 4865901.284750 -353.667999 0.700000
32392701.524479 4865879.062374 -342.148010 0.700000
32392701.344728 4865867.951185 -340.561005 0.700100
32392701.164977 4865856.839997 -338.463013 0.700100
32392700.805477 4865834.617622 -321.845001 0.700100
32392700.625727 4865823.506435 -321.747986 0.700200
32392700.266229 4865801.284060 -316.914001 0.700100
32392700.086481 4865790.172874 -308.026001 0.700200
32392699.726984 4865767.950500 -299.445007 0.700300
32392699.547237 4865756.839314 -299.480988 0.700400
32392699.187743 4865734.616942 -288.338989 0.700400
32392699.007996 4865723.505756 -278.803009 0.700300
32392698.828250 4865712.394571 -278.096985 0.700300
32392698.468758 4865690.172200 -276.821014 0.700300
32392698.289013 4865679.061015 -278.707001 0.700300
32392697.929523 4865656.838646 -267.472992 0.700400
32392697.749779 4865645.727461 -267.795013 0.700300
32392697.390291 4865623.505093 -268.041992 0.700200
32392697.210548 4865612.393909 -266.118011 0.700000
32392697.030805 4865601.282725 -263.174988 0.700000
32392696.671320 4865579.060359 -263.763000 0.700000
32392696.491578 4865567.949175 -263.787994 0.700100
32392735.087588 4865967.432253 -354.524994 0.700000
32392734.728189 4865945.209874 -354.248001 0.700000
32392734.548490 4865934.098684 -354.091003 0.700000
32392734.189093 4865911.876307 -354.065994 0.700000
32392734.009395 4865900.765118 -352.567993 0.700100
32392733.649999 4865878.542741 -341.266998 0.700000
32392733.470302 4865867.431553 -341.498993 0.700000
32392733.290606 4865856.320365 -336.279999 0.700100
32392732.931213 4865834.097990 -322.023987 0.700100
32392732.751518 4865822.986803 -322.131012 0.700100
32392732.392127 4865800.764429 -315.466003 0.700100
32392732.212432 4865789.653242 -306.691010 0.700200
32392731.853044 4865767.430869 -298.852997 0.700300
32392731.673350 4865756.319683 -298.899994 0.700400
32392731.313963 4865734.097311 -286.545013 0.700400
32392731.134271 4865722.986125 -277.993988 0.700300
32392730.954578 4865711.874940 -278.113007 0.700200
32392730.595194 4865689.652569 -277.748993 0.700200
32392730.415503 4865678.541384 -278.039001 0.700300
32392730.056121 4865656.319015 -268.199005 0.700400
32392729.876430 4865645.207831 -269.220001 0.700400
32392729.517050 4865622.985462 -269.881989 0.700300
32392729.337361 4865611.874279 -268.351013 0.700000
32392729.157672 4865600.763095 -261.920013 0.699900
32392728.798294 4865578.540728 -264.114990 0.700000
32392728.618606 4865567.429545 -263.553009 0.700000
32392767.212678 4865966.912775 -355.707993 0.700000
32392766.853386 4865944.690397 -354.072998 0.700000
32392766.673741 4865933.579207 -353.865997 0.700000
32392766.314452 4865911.356830 -353.841995 0.700000
32392766.134808 4865900.245641 -351.276001 0.700000
32392765.775520 4865878.023265 -341.408997 0.700100
32392765.595877 4865866.912077 -339.399994 0.700000
32392765.416234 4865855.800889 -331.234985 0.700000
32392765.056949 4865833.578514 -322.579987 0.700100
32392764.877307 4865822.467327 -322.627014 0.700100
32392764.518025 4865800.244953 -311.040009 0.700100
32392764.338384 4865789.133766 -302.700989 0.700200
32392763.979103 4865766.911393 -299.187988 0.700300
32392763.799463 4865755.800207 -298.932007 0.700400
32392763.440184 4865733.577835 -287.434998 0.700300
32392763.260545 4865722.466650 -278.652008 0.700300
32392763.080906 4865711.355464 -278.138000 0.700200
32392762.721630 4865689.133094 -277.260986 0.700200
32392762.541993 4865678.021909 -278.502014 0.700300
32392762.182718 4865655.799540 -269.329010 0.700400
32392762.003082 4865644.688356 -270.972992 0.700400
32392761.643809 4865622.465987 -271.391998 0.700300
32392761.464174 4865611.354804 -269.867004 0.700100
32392761.284538 4865600.243620 -262.735992 0.700000
32392760.925269 4865578.021254 -264.076996 0.700000
32392760.745634 4865566.910071 -264.164001 0.700000
32392799.337767 4865966.393454 -355.076004 0.700000
32392798.978584 4865944.171075 -353.826996 0.700000
32392798.798992 4865933.059886 -352.751999 0.700000
32392798.439811 4865910.837509 -352.322998 0.700000
32392798.260220 4865899.726320 -345.686996 0.700000
32392797.901041 4865877.503944 -341.433014 0.700100
32392797.721451 4865866.392756 -336.179993 0.700100
32392797.541862 4865855.281568 -327.105011 0.700100
32392797.182685 4865833.059193 -323.233002 0.700100
32392797.003097 4865821.948006 -322.545013 0.700100
32392796.643922 4865799.725632 -306.237000 0.700200
32392796.464335 4865788.614446 -298.959991 0.700200
32392796.105162 4865766.392073 -299.000000 0.700300
32392795.925576 4865755.280887 -298.644012 0.700400
32392795.566404 4865733.058515 -292.959015 0.700400
32392795.386819 4865721.947330 -285.217011 0.700300
32392795.207235 4865710.836144 -277.843994 0.700200
32392794.848066 4865688.613774 -277.976013 0.700200
32392794.668482 4865677.502589 -277.399994 0.700200
32392794.309316 4865655.280220 -272.147003 0.700300
32392794.129733 4865644.169036 -272.656006 0.700300
32392793.770568 4865621.946668 -273.688995 0.700300
32392793.590986 4865610.835485 -270.609009 0.700200
32392793.411405 4865599.724301 -261.848999 0.700100
32392793.052243 4865577.501935 -264.113007 0.700100
32392792.872662 4865566.390752 -263.824005 0.700000
32392831.462857 4865965.874288 -355.110992 0.700000
32392831.103781 4865943.651910 -353.740997 0.700000
32392830.924244 4865932.540721 -353.307007 0.700000
32392830.565170 4865910.318343 -346.660004 0.700000
32392830.385633 4865899.207155 -341.007996 0.700000
32392830.026561 4865876.984779 -341.273010 0.700100
32392829.847025 4865865.873591 -335.433014 0.700100
32392829.667490 4865854.762403 -326.667999 0.700100
32392829.308421 4865832.540028 -323.600006 0.700100
32392829.128887 4865821.428841 -323.437988 0.700200
32392828.769819 4865799.206467 -309.181000 0.700200
32392828.590286 4865788.095281 -301.057007 0.700200
32392828.231220 4865765.872908 -299.147003 0.700300
32392828.051688 4865754.761722 -298.907013 0.700300
32392827.692625 4865732.539351 -298.583008 0.700400
32392827.513093 4865721.428165 -296.777008 0.700300
32392827.333562 4865710.316980 -290.348999 0.700200
32392826.974501 4865688.094610 -277.830994 0.700100
32392826.794971 4865676.983425 -278.182007 0.700100
32392826.435913 4865654.761057 -278.161987 0.700200
32392826.256384 4865643.649872 -276.678009 0.700200
32392825.897327 4865621.427505 -275.980988 0.700200
32392825.717799 4865610.316321 -271.703003 0.700200
32392825.538271 4865599.205138 -264.042999 0.700200
32392825.179217 4865576.982771 -264.095001 0.700100
32392824.999690 4865565.871588 -263.433990 0.700000
32392863.587946 4865965.355278 -353.656998 0.700000
32392863.228978 4865943.132900 -353.787003 0.700000
32392863.049494 4865932.021711 -349.972000 0.700000
32392862.690528 4865909.799333 -342.125000 0.700000
32392862.511045 4865898.688145 -341.898987 0.700000
32392862.152081 4865876.465769 -341.582001 0.700000
32392861.972599 4865865.354581 -338.841003 0.700100
32392861.793118 4865854.243394 -330.494995 0.700100
32392861.434156 4865832.021019 -323.691010 0.700100
32392861.254676 4865820.909832 -323.809998 0.700200
32392860.895716 4865798.687458 -321.186005 0.700200
32392860.716237 4865787.576272 -316.903992 0.700200
32392860.357279 4865765.353899 -304.489014 0.700200
32392860.177800 4865754.242713 -298.998993 0.700300
32392859.818845 4865732.020342 -298.945007 0.700300
32392859.639367 4865720.909157 -299.015015 0.700400
32392859.459890 4865709.797972 -298.847992 0.700300
32392859.100937 4865687.575602 -287.786987 0.700100
32392858.921461 4865676.464417 -280.291992 0.700100
32392858.562509 4865654.242048 -279.286011 0.700100
32392858.383034 4865643.130864 -278.761993 0.700100
32392858.024085 4865620.908497 -278.746002 0.700100
32392857.844611 4865609.797313 -273.963989 0.700200
32392857.665137 4865598.686130 -265.427002 0.700200
32392857.306190 4865576.463764 -264.125000 0.700100
32392857.126718 4865565.352581 -263.673004 0.700000
32392895.713036 4865964.836423 -353.194000 0.700000
32392895.354175 4865942.614045 -353.404999 0.700000
32392895.174745 4865931.502856 -351.382996 0.700000
32392894.815886 4865909.280479 -341.174988 0.700000
32392894.636458 4865898.169291 -342.131989 0.700000
32392894.277601 4865875.946915 -341.746002 0.700000
32392894.098173 4865864.835727 -341.697998 0.700000
32392893.918746 4865853.724540 -341.519989 0.700100
32392893.559891 4865831.502165 -332.953003 0.700100
32392893.380465 4865820.390978 -327.039001 0.700200
32392893.021613 4865798.168605 -322.161011 0.700100
32392892.842187 4865787.057419 -321.903015 0.700100
32392892.483337 4865764.835046 -318.578003 0.700100
32392892.303912 4865753.723860 -310.317993 0.700200
32392891.945064 4865731.501489 -299.894989 0.700300
32392891.765641 4865720.390304 -300.096985 0.700300
32392891.586217 4865709.279119 -299.816010 0.700300
32392891.227372 4865687.056749 -296.566010 0.700200
32392891.047950 4865675.945564 -287.824005 0.700000
32392890.689106 4865653.723196 -280.035004 0.700000
32392890.509685 4865642.612012 -279.894012 0.700000
32392890.150843 4865620.389644 -279.516998 0.700100
32392889.971423 4865609.278461 -273.200012 0.700100
32392889.792003 4865598.167278 -265.195007 0.700100
32392889.433164 4865575.944912 -264.268005 0.700100
32392889.253745 4865564.833729 -264.355011 0.700000
32392927.838125 4865964.317725 -353.809998 0.700000
32392927.479372 4865942.095347 -353.695999 0.700000
32392927.299996 4865930.984158 -353.628998 0.700000
32392926.941245 4865908.761781 -351.061996 0.700000
32392926.761870 4865897.650593 -350.697006 0.700000
32392926.403121 4865875.428217 -348.429001 0.700000
32392926.223747 4865864.317029 -347.026001 0.700000
32392926.044373 4865853.205842 -344.839996 0.700100
32392925.685626 4865830.983467 -342.746002 0.700100
32392925.506254 4865819.872280 -336.557007 0.700100
32392925.147509 4865797.649907 -321.493988 0.700100
32392924.968138 4865786.538721 -320.976013 0.700000
32392924.609395 4865764.316349 -319.931000 0.700000
32392924.430024 4865753.205163 -314.846008 0.700100
32392924.071284 4865730.982792 -300.002014 0.700200
32392923.891914 4865719.871607 -300.403992 0.700300
32392923.712545 4865708.760422 -300.019989 0.700300
32392923.353807 4865686.538052 -298.214996 0.700200
32392923.174438 4865675.426867 -292.917999 0.700100
32392922.815702 4865653.204499 -280.247009 0.700000
32392922.636335 4865642.093315 -280.328003 0.700000
32392922.277601 4865619.870948 -279.437012 0.700000
32392922.098235 4865608.759764 -278.562012 0.700100
32392921.918868 4865597.648581 -271.832001 0.700100
32392921.560137 4865575.426215 -264.079987 0.700100
32392921.380772 4865564.315033 -263.963989 0.700000
32392959.963213 4865963.799181 -354.141998 0.700000
32392959.604568 4865941.576804 -355.035995 0.700000
32392959.425246 4865930.465615 -354.947006 0.700000
32392959.066603 4865908.243238 -355.076004 0.700000
32392958.887281 4865897.132050 -353.514008 0.700000
32392958.528640 4865874.909674 -349.205994 0.700000
32392958.349320 4865863.798487 -349.065002 0.700000
32392958.170000 4865852.687299 -345.067001 0.700000
32392957.811361 4865830.464925 -335.634003 0.700100
32392957.632042 4865819.353738 -330.864014 0.700100
32392957.273406 4865797.131365 -331.049988 0.700100
32392957.094088 4865786.020179 -326.915985 0.700000
32392956.735453 4865763.797807 -320.925995 0.699900
32392956.556136 4865752.686621 -319.795013 0.700000
32392956.197503 4865730.464250 -306.804993 0.700100
32392956.018187 4865719.353065 -299.502991 0.700200
32392955.838872 4865708.241880 -300.739014 0.700300
32392955.480241 4865686.019511 -299.582001 0.700200
32392955.300927 4865674.908326 -293.997009 0.700200
32392954.942299 4865652.685958 -280.933990 0.700100
32392954.762985 4865641.574774 -281.061005 0.700000
32392954.404359 4865619.352407 -279.259003 0.700000
32392954.225046 4865608.241223 -280.506012 0.700100
32392954.045734 4865597.130040 -279.765015 0.700100
32392953.687110 4865574.907675 -278.412994 0.700100
32392953.507799 4865563.796492 -274.591003 0.700000
32392992.088302 4865963.280794 -360.460007 0.700000
32392991.729764 4865941.058416 -356.503998 0.700000
32392991.550496 4865929.947228 -355.242004 0.700000
32392991.191960 4865907.724851 -355.195007 0.700000
32392991.012693 4865896.613663 -355.139999 0.700000
32392990.654159 4865874.391287 -352.526001 0.700000
32392990.474893 4865863.280100 -351.964005 0.700000
32392990.295627 4865852.168912 -348.074997 0.700000
32392989.937096 4865829.946538 -339.932007 0.700100
32392989.757831 4865818.835352 -336.799011 0.700100
32392989.399302 4865796.612979 -331.523987 0.700000
32392989.220038 4865785.501792 -329.868988 0.700000
32392988.861511 4865763.279421 -321.584015 0.699900
32392988.682248 4865752.168235 -321.714996 0.699900
32392988.323722 4865729.945864 -314.540985 0.700000
32392988.144460 4865718.834679 -305.697998 0.700200
32392987.965199 4865707.723494 -300.953003 0.700200
32392987.606676 4865685.501125 -300.618011 0.700200
32392987.427415 4865674.389940 -297.102997 0.700200
32392987.068895 4865652.167572 -280.854004 0.700100
32392986.889635 4865641.056388 -281.704010 0.700100
32392986.531116 4865618.834021 -280.359009 0.700100
32392986.351857 4865607.722838 -280.925995 0.700100
32392986.172599 4865596.611655 -280.475006 0.700100
32392985.814083 4865574.389290 -280.162994 0.700100
32392985.634826 4865563.278107 -280.924988 0.700000
32393024.213390 4865962.762562 -360.806000 0.700000
32393023.854960 4865940.540184 -356.940002 0.700000
32393023.675746 4865929.428996 -355.537994 0.700000
32393023.317318 4865907.206619 -355.778000 0.700000
32393023.138104 4865896.095431 -355.688995 0.700000
32393022.779678 4865873.873056 -354.449005 0.700000
32393022.600466 4865862.761869 -353.951004 0.700000
32393022.421254 4865851.650681 -353.225006 0.700000
32393022.062830 4865829.428307 -341.812988 0.700000
32393021.883619 4865818.317121 -336.786987 0.700000
32393021.525198 4865796.094748 -330.661987 0.700000
32393021.345987 4865784.983562 -331.170990 0.700000
32393020.987568 4865762.761190 -321.230988 0.700000
32393020.808359 4865751.650004 -321.936005 0.700000
32393020.449941 4865729.427634 -319.600006 0.700000
32393020.270733 4865718.316449 -312.050995 0.700100
32393020.091525 4865707.205264 -302.640015 0.700100
32393019.733110 4865684.982895 -300.983002 0.700100
32393019.553903 4865673.871710 -299.200012 0.700100
32393019.195490 4865651.649342 -283.122986 0.700100
32393019.016284 4865640.538159 -282.395996 0.700100
32393018.657874 4865618.315792 -280.842011 0.700100
32393018.478669 4865607.204609 -281.997009 0.700100
32393018.299464 4865596.093426 -280.334991 0.700000
32393017.941056 4865573.871060 -281.006989 0.700000
32393017.761852 4865562.759878 -281.119995 0.700000
32393056.338478 4865962.244486 -360.785995 0.700000
32393055.980156 4865940.022108 -358.882996 0.700000
32393055.800995 4865928.910920 -355.526001 0.700000
32393055.442675 4865906.688544 -355.565994 0.700000
32393055.263516 4865895.577356 -355.457001 0.700000
32393054.905197 4865873.354980 -351.852005 0.700000
32393054.726039 4865862.243793 -351.996994 0.700000
32393054.546880 4865851.132606 -351.576004 0.700000
32393054.188564 4865828.910232 -347.110992 0.700000
32393054.009407 4865817.799045 -339.911011 0.700000
32393053.651093 4865795.576673 -332.880005 0.700000
32393053.471937 4865784.465487 -330.412994 0.700000
32393053.113625 4865762.243115 -328.759003 0.700000
32393052.934470 4865751.131930 -320.661987 0.700000
32393052.576160 4865728.909559 -321.295990 0.700000
32393052.397006 4865717.798374 -316.338013 0.700000
32393052.217852 4865706.687189 -307.622986 0.700000
32393051.859544 4865684.464820 -301.098999 0.700000
32393051.680391 4865673.353636 -299.496002 0.700000
32393051.322086 4865651.131268 -284.471008 0.700000
32393051.142934 4865640.020085 -282.865997 0.700000
32393050.784631 4865617.797718 -281.653992 0.700000
32393050.605480 4865606.686535 -282.627991 0.700000
32393050.426329 4865595.575352 -282.130005 0.700000
32393050.068028 4865573.352986 -281.134003 0.700000
32393049.888878 4865562.241804 -281.420013 0.700000
32392261.242487 4865975.112621 -458.529999 0.800000
32392260.881499 4865952.890240 -459.130005 0.800000
32392260.701006 4865941.779050 -459.830002 0.800000
32392260.340021 4865919.556670 -460.026993 0.800000
32392260.159529 4865908.445481 -458.059006 0.800000
32392259.798545 4865886.223102 -451.904007 0.800000
32392259.618054 4865875.111913 -443.075012 0.800000
32392259.437563 4865864.000724 -440.683990 0.800000
32392259.076583 4865841.778346 -439.063995 0.800000
32392258.896093 4865830.667158 -435.005005 0.800000
32392258.535114 4865808.444782 -426.621002 0.800000
32392258.354625 4865797.333594 -426.321014 0.800000
32392257.993649 4865775.111219 -426.226990 0.800000
32392257.813161 4865764.000032 -424.154999 0.800000
32392257.452186 4865741.777658 -409.769989 0.800000
32392257.271699 4865730.666471 -403.640991 0.800000
32392257.091213 4865719.555284 -404.859985 0.800000
32392256.730240 4865697.332912 -404.635010 0.800000
32392256.549755 4865686.221726 -404.290985 0.800000
32392256.188785 4865663.999355 -403.748993 0.800000
32392256.008300 4865652.888169 -403.869995 0.800000
32392255.647332 4865630.665799 -400.196991 0.800000
32392255.466848 4865619.554614 -397.971008 0.800000
32392255.286365 4865608.443429 -394.769989 0.800000
32392254.925400 4865586.221060 -393.562012 0.800000
32392254.744917 4865575.109876 -392.803009 0.800000
32392293.367580 4865974.590848 -458.904999 0.800000
32392293.006700 4865952.368467 -459.776993 0.800000
32392292.826261 4865941.257277 -460.113998 0.800000
32392292.465383 4865919.034897 -458.149994 0.800000
32392292.284945 4865907.923708 -458.020004 0.800000
32392291.924069 4865885.701329 -440.968994 0.800000
32392291.743632 4865874.590140 -441.001007 0.800000
32392291.563195 4865863.478951 -440.687012 0.800000
32392291.202322 4865841.256574 -429.709015 0.800000
32392291.021886 4865830.145386 -426.466003 0.800000
32392290.661015 4865807.923010 -426.148987 0.800000
32392290.480580 4865796.811822 -425.997009 0.800000
32392290.119711 4865774.589447 -419.153015 0.800000
32392289.939277 4865763.478260 -412.485992 0.800000
32392289.578410 4865741.255886 -403.035004 0.800000
32392289.397977 4865730.144699 -403.022003 0.800000
32392289.217544 4865719.033513 -402.963989 0.800000
32392288.856679 4865696.811141 -402.807007 0.800000
32392288.676248 4865685.699955 -402.049011 0.800000
32392288.315385 4865663.477583 -394.187012 0.800000
32392288.134954 4865652.366398 -389.550995 0.800000
32392287.774094 4865630.144028 -382.027008 0.800000
32392287.593664 4865619.032843 -381.989990 0.800000
32392287.413235 4865607.921658 -381.958008 0.800000
32392287.052377 4865585.699290 -382.036011 0.800000
32392286.871949 4865574.588106 -382.247986 0.800000
32392325.492672 4865974.069231 -459.143005 0.800000
32392325.131901 4865951.846850 -459.850998 0.800000
32392324.951515 4865940.735660 -460.225998 0.800000
32392324.590745 4865918.513280 -458.115005 0.800000
32392324.410361 4865907.402091 -452.985992 0.800000
32392324.049593 4865885.179712 -441.263000 0.800000
32392323.869209 4865874.068523 -440.964996 0.800000
32392323.688826 4865862.957335 -439.348999 0.800000
32392323.328061 4865840.734958 -426.272003 0.800000
32392323.147678 4865829.623769 -426.703003 0.800000
32392322.786915 4865807.401393 -425.183014 0.800000
32392322.606534 4865796.290206 -420.334991 0.800000
32392322.245773 4865774.067831 -405.989990 0.800000
32392322.065392 4865762.956644 -402.558990 0.800000
32392321.704633 4865740.734270 -401.575989 0.800000
32392321.524254 4865729.623083 -401.226990 0.800000
32392321.343875 4865718.511897 -401.203003 0.800000
32392320.983118 4865696.289525 -396.792999 0.800000
32392320.802740 4865685.178339 -389.977997 0.800000
32392320.441985 4865662.955968 -381.936005 0.800100
32392320.261609 4865651.844783 -381.977997 0.800100
32392319.900856 4865629.622413 -382.186005 0.800100
32392319.720480 4865618.511228 -381.183014 0.800000
32392319.540104 4865607.400043 -382.006989 0.800100
32392319.179354 4865585.177675 -376.187988 0.800000
32392318.998980 4865574.066491 -374.846008 0.800000
32392357.617765 4865973.547769 -458.882996 0.800000
32392357.257101 4865951.325388 -460.212997 0.800000
32392357.076769 4865940.214198 -460.315994 0.800000
32392356.716107 4865917.991819 -455.419006 0.800000
32392356.535776 4865906.880629 -446.539001 0.800000
32392356.175116 4865884.658251 -441.268005 0.800000
32392355.994786 4865873.547062 -440.925995 0.800000
32392355.814457 4865862.435873 -439.458008 0.800000
32392355.453799 4865840.213497 -426.385010 0.800000
32392355.273471 4865829.102308 -426.309998 0.800000
32392354.912815 4865806.879933 -423.362000 0.800000
32392354.732488 4865795.768745 -415.859009 0.800000
32392354.371834 4865773.546370 -401.601013 0.800000
32392354.191508 4865762.435183 -401.476990 0.800100
32392353.830856 4865740.212810 -401.041992 0.800000
32392353.650531 4865729.101623 -399.592011 0.800000
32392353.470206 4865717.990437 -392.066986 0.800000
32392353.109557 4865695.768065 -381.911987 0.800000
32392352.929233 4865684.656879 -382.119995 0.800100
32392352.568586 4865662.434508 -382.347992 0.800100
32392352.388262 4865651.323323 -381.404999 0.800100
32392352.027617 4865629.100953 -374.750000 0.800100
32392351.847295 4865617.989768 -370.186005 0.800100
32392351.666974 4865606.878584 -363.727997 0.800100
32392351.306331 4865584.656215 -363.759003 0.800000
32392351.126010 4865573.545031 -363.665009 0.800000
32392389.742857 4865973.026463 -460.350998 0.800000
32392389.382301 4865950.804082 -460.427994 0.800000
32392389.202023 4865939.692892 -459.033997 0.800000
32392388.841469 4865917.470513 -450.733002 0.800000
32392388.661192 4865906.359324 -442.627014 0.800100
32392388.300639 4865884.136945 -441.306000 0.800100
32392388.120363 4865873.025757 -440.317993 0.800100
32392387.940088 4865861.914568 -435.138000 0.800100
32392387.579538 4865839.692191 -425.803986 0.800100
32392387.399263 4865828.581003 -425.446991 0.800100
32392387.038715 4865806.358627 -417.084991 0.800000
32392386.858442 4865795.247440 -409.057007 0.800000
32392386.497896 4865773.025065 -401.725006 0.800100
32392386.317623 4865761.913878 -401.170990 0.800100
32392385.957079 4865739.691505 -392.804993 0.800100
32392385.776808 4865728.580319 -385.502991 0.800000
32392385.596536 4865717.469132 -382.592987 0.800100
32392385.235995 4865695.246760 -382.330994 0.800100
32392385.055725 4865684.135575 -382.044006 0.800100
32392384.695185 4865661.913204 -376.979004 0.800100
32392384.514916 4865650.802019 -371.125000 0.800100
32392384.154379 4865628.579649 -363.895996 0.800100
32392383.974110 4865617.468464 -363.923004 0.800100
32392383.793843 4865606.357280 -363.911987 0.800100
32392383.433308 4865584.134912 -363.993988 0.800100
32392383.253041 4865573.023728 -364.074005 0.800000
32392421.867950 4865972.505312 -460.449997 0.800000
32392421.507501 4865950.282932 -460.541000 0.800000
32392421.327277 4865939.171742 -458.632996 0.800000
32392420.966830 4865916.949363 -447.945999 0.800100
32392420.786607 4865905.838174 -441.946991 0.800100
32392420.426162 4865883.615796 -441.928986 0.800100
32392420.245940 4865872.504607 -439.984009 0.800100
32392420.065718 4865861.393418 -433.161987 0.800100
32392419.705276 4865839.171042 -424.777008 0.800100
32392419.525055 4865828.059854 -424.915985 0.800100
32392419.164615 4865805.837478 -413.489014 0.800100
32392418.984395 4865794.726291 -406.041992 0.800100
32392418.623957 4865772.503916 -402.007996 0.800100
32392418.443738 4865761.392729 -400.181000 0.800100
32392418.083302 4865739.170356 -385.627991 0.800100
32392417.903084 4865728.059170 -383.153992 0.800100
32392417.722867 4865716.947983 -382.998993 0.800100
32392417.362433 4865694.725612 -381.556000 0.800200
32392417.182217 4865683.614426 -377.635986 0.800100
32392416.821785 4865661.392055 -363.045013 0.800200
32392416.641570 4865650.280870 -363.524994 0.800100
32392416.281140 4865628.058501 -364.002014 0.800100
32392416.100925 4865616.947316 -364.149994 0.800100
32392415.920711 4865605.836132 -364.235992 0.800100
32392415.560284 4865583.613764 -364.009003 0.800000
32392415.380071 4865572.502580 -363.895996 0.800000
32392453.993042 4865971.984317 -460.367004 0.800000
32392453.632700 4865949.761937 -460.369995 0.800000
32392453.452530 4865938.650747 -458.296997 0.800100
32392453.092191 4865916.428368 -448.404007 0.800100
32392452.912022 4865905.317179 -443.365997 0.800100
32392452.551685 4865883.094801 -441.832001 0.800100
32392452.371517 4865871.983613 -438.312012 0.800100
32392452.191349 4865860.872424 -431.475006 0.800100
32392451.831014 4865838.650048 -424.566986 0.800200
32392451.650847 4865827.538860 -424.446014 0.800200
32392451.290515 4865805.316484 -410.587006 0.800100
32392451.110349 4865794.205297 -401.442993 0.800100
32392450.750018 4865771.982923 -402.041992 0.800100
32392450.569853 4865760.871736 -400.194000 0.800100
32392450.209525 4865738.649363 -385.968994 0.800100
32392450.029361 4865727.538176 -383.096985 0.800100
32392449.849197 4865716.426990 -383.131012 0.800200
32392449.488871 4865694.204619 -382.098999 0.800200
32392449.308709 4865683.093433 -377.062988 0.800200
32392448.948384 4865660.871062 -362.821014 0.800200
32392448.768223 4865649.759877 -363.691010 0.800200
32392448.407901 4865627.537508 -363.860992 0.800200
32392448.227740 4865616.426324 -364.139008 0.800100
32392448.047580 4865605.315139 -364.000000 0.800100
32392447.687261 4865583.092771 -363.953003 0.800100
32392447.507101 4865571.981588 -363.739990 0.800000
32392478.086861 4865971.593673 -460.244003 0.800000
32392477.726600 4865949.371293 -460.194000 0.800000
32392477.546470 4865938.260104 -457.876999 0.800000
32392477.186212 4865916.037725 -447.649002 0.800100
32392477.006083 4865904.926536 -444.766006 0.800100
32392476.645827 4865882.704158 -440.061005 0.800100
32392476.465699 4865871.592969 -440.240997 0.800100
32392476.285571 4865860.481781 -434.792999 0.800200
32392475.925317 4865838.259404 -424.149994 0.800200
32392475.745191 4865827.148216 -423.997986 0.800200
32392475.384939 4865804.925841 -412.532989 0.800200
32392475.204814 4865793.814654 -403.748993 0.800200
32392474.844564 4865771.592280 -402.281006 0.800200
32392474.664439 4865760.481093 -401.834015 0.800200
32392474.304191 4865738.258720 -388.252991 0.800200
32392474.124068 4865727.147534 -382.558014 0.800200
32392473.943945 4865716.036347 -382.976013 0.800200
32392473.583699 4865693.813976 -381.683990 0.800300
32392473.403577 4865682.702790 -379.058990 0.800300
32392473.043334 4865660.480420 -362.333008 0.800200
32392472.863213 4865649.369235 -363.358002 0.800200
32392472.502971 4865627.146866 -363.898987 0.800200
32392472.322851 4865616.035681 -363.976990 0.800200
32392472.142731 4865604.924497 -363.829987 0.800100
32392471.782493 4865582.702129 -363.321014 0.800100
32392471.602374 4865571.590946 -363.359985 0.800000
32392510.211952 4865971.072951 -459.707001 0.800000
32392509.851799 4865948.850571 -459.904999 0.800000
32392509.671723 4865937.739381 -458.095993 0.800000
32392509.311573 4865915.517003 -447.399002 0.800100
32392509.131498 4865904.405814 -446.871994 0.800100
32392508.771349 4865882.183436 -439.812988 0.800100
32392508.591275 4865871.072247 -440.024994 0.800100
32392508.411201 4865859.961059 -433.906006 0.800100
32392508.051055 4865837.738683 -423.903992 0.800200
32392507.870983 4865826.627495 -423.773987 0.800200
32392507.510838 4865804.405120 -414.621002 0.800200
32392507.330767 4865793.293932 -406.372986 0.800200
32392506.970624 4865771.071558 -401.493988 0.800200
32392506.790554 4865759.960372 -401.278992 0.800200
32392506.430414 4865737.737999 -391.001007 0.800200
32392506.250344 4865726.626813 -382.804993 0.800200
32392506.070275 4865715.515627 -381.372986 0.800300
32392505.710137 4865693.293255 -380.489990 0.800300
32392505.530069 4865682.182070 -376.118011 0.800300
32392505.169933 4865659.959700 -361.665985 0.800300
32392504.989866 4865648.848515 -363.205994 0.800200
32392504.629732 4865626.626145 -363.549011 0.800200
32392504.449666 4865615.514961 -363.528992 0.800200
32392504.269600 4865604.403777 -363.298004 0.800100
32392503.909469 4865582.181409 -363.484985 0.800100
32392503.729404 4865571.070226 -363.346008 0.800000
32392542.337044 4865970.552384 -459.063995 0.800000
32392541.976998 4865948.330004 -459.209000 0.800000
32392541.796976 4865937.218815 -457.203003 0.800000
32392541.436933 4865914.996436 -447.921005 0.800100
32392541.256912 4865903.885247 -448.557007 0.800100
32392540.896871 4865881.662870 -439.582001 0.800100
32392540.716851 4865870.551681 -440.098999 0.800100
32392540.536831 4865859.440493 -433.502014 0.800100
32392540.176793 4865837.218117 -423.669006 0.800200
32392539.996774 4865826.106929 -423.600006 0.800200
32392539.636737 4865803.884554 -413.984985 0.800200
32392539.456720 4865792.773367 -405.239990 0.800300
32392539.096685 4865770.550993 -401.420990 0.800300
32392538.916668 4865759.439806 -401.244995 0.800300
32392538.556636 4865737.217434 -390.596008 0.800300
32392538.376620 4865726.106247 -382.177002 0.800300
32392538.196604 4865714.995062 -379.595001 0.800300
32392537.836574 4865692.772690 -379.963013 0.800300
32392537.656560 4865681.661505 -377.238007 0.800300
32392537.296532 4865659.439135 -362.329010 0.800300
32392537.116518 4865648.327950 -363.653015 0.800300
32392536.756492 4865626.105581 -363.803009 0.800200
32392536.576480 4865614.994397 -363.579010 0.800200
32392536.396468 4865603.883213 -363.622009 0.800100
32392536.036444 4865581.660845 -363.796997 0.800000
32392535.856433 4865570.549662 -363.632996 0.800000
32392574.462135 4865970.031973 -458.225998 0.800000
32392574.102197 4865947.809593 -458.494995 0.800000
32392573.922229 4865936.698404 -456.632996 0.800000
32392573.562294 4865914.476025 -450.487000 0.800000
32392573.382326 4865903.364836 -450.539001 0.800100
32392573.022393 4865881.142459 -438.911011 0.800100
32392572.842427 4865870.031271 -439.954010 0.800100
32392572.662461 4865858.920082 -436.347992 0.800100
32392572.302530 4865836.697706 -422.851990 0.800200
32392572.122565 4865825.586519 -422.669006 0.800200
32392571.762636 4865803.364144 -414.885986 0.800200
32392571.582672 4865792.252957 -406.596985 0.800300
32392571.222745 4865770.030583 -400.911987 0.800300
32392571.042782 4865758.919397 -400.697998 0.800300
32392570.682857 4865736.697024 -391.816986 0.800300
32392570.502895 4865725.585838 -383.214996 0.800400
32392570.322934 4865714.474652 -379.811005 0.800300
32392569.963012 4865692.252281 -380.019989 0.800300
32392569.783051 4865681.141096 -377.519012 0.800300
32392569.423131 4865658.918726 -361.941986 0.800300
32392569.243171 4865647.807541 -363.497009 0.800300
32392568.883253 4865625.585172 -363.230011 0.800200
32392568.703294 4865614.473988 -363.334015 0.800200
32392568.523336 4865603.362804 -363.575989 0.800100
32392568.163420 4865581.140436 -363.644012 0.800000
32392567.983462 4865570.029253 -363.316010 0.800000
32392606.587226 4865969.511718 -457.242996 0.800000
32392606.227396 4865947.289338 -457.526001 0.800000
32392606.047482 4865936.178149 -455.466003 0.800000
32392605.687654 4865913.955770 -452.218994 0.800000
32392605.507740 4865902.844581 -452.268997 0.800000
32392605.147915 4865880.622204 -440.463989 0.800100
32392604.968002 4865869.511016 -439.585999 0.800100
32392604.788090 4865858.399828 -437.087006 0.800100
32392604.428267 4865836.177452 -421.954010 0.800200
32392604.248356 4865825.066264 -422.131989 0.800200
32392603.888535 4865802.843890 -417.270996 0.800200
32392603.708625 4865791.732703 -408.257996 0.800200
32392603.348805 4865769.510329 -400.451996 0.800300
32392603.168896 4865758.399142 -400.118988 0.800300
32392602.809079 4865736.176770 -393.899994 0.800300
32392602.629171 4865725.065584 -385.604004 0.800400
32392602.449263 4865713.954398 -378.562012 0.800400
32392602.089448 4865691.732027 -379.699005 0.800400
32392601.909542 4865680.620842 -374.937012 0.800300
32392601.549729 4865658.398472 -362.420013 0.800300
32392601.369823 4865647.287288 -364.278992 0.800300
32392601.010013 4865625.064919 -364.175995 0.800200
32392600.830108 4865613.953735 -363.783997 0.800200
32392600.650203 4865602.842551 -363.382996 0.800100
32392600.290395 4865580.620183 -363.717011 0.800000
32392600.110492 4865569.509000 -363.217011 0.800000
32392638.712317 4865968.991618 -456.005997 0.800000
32392638.352594 4865946.769239 -456.044006 0.800000
32392638.172734 4865935.658049 -454.723999 0.800000
32392637.813014 4865913.435671 -453.826004 0.800000
32392637.633154 4865902.324482 -454.039993 0.800000
32392637.273436 4865880.102105 -442.169006 0.800000
32392637.093578 4865868.990917 -439.385010 0.800100
32392636.913719 4865857.879729 -437.734985 0.800100
32392636.554004 4865835.657353 -421.175995 0.800100
32392636.374147 4865824.546165 -421.871002 0.800200
32392636.014433 4865802.323791 -418.032013 0.800200
32392635.834577 4865791.212604 -408.829987 0.800200
32392635.474865 4865768.990230 -400.071991 0.800300
32392635.295010 4865757.879044 -399.951996 0.800300
32392634.935300 4865735.656672 -393.872009 0.800400
32392634.755446 4865724.545486 -385.470001 0.800400
32392634.575592 4865713.434300 -378.031006 0.800400
32392634.215885 4865691.211929 -379.066986 0.800400
32392634.036032 4865680.100744 -373.510010 0.800400
32392633.676327 4865657.878374 -364.795013 0.800400
32392633.496475 4865646.767190 -365.174011 0.800300
32392633.136772 4865624.544821 -365.559998 0.800200
32392632.956921 4865613.433637 -363.579987 0.800200
32392632.777071 4865602.322453 -363.250000 0.800100
32392632.417370 4865580.100086 -363.737000 0.800000
32392632.237521 4865568.988903 -363.001007 0.800000
32392670.837407 4865968.471674 -454.449997 0.800000
32392670.477793 4865946.249295 -454.492004 0.800000
32392670.297986 4865935.138105 -454.434998 0.800000
32392669.938374 4865912.915727 -452.964005 0.800000
32392669.758568 4865901.804538 -454.990005 0.800000
32392669.398957 4865879.582161 -444.272003 0.800000
32392669.219153 4865868.470973 -439.380005 0.800000
32392669.039348 4865857.359785 -438.842987 0.800100
32392668.679741 4865835.137410 -423.020996 0.800100
32392668.499937 4865824.026222 -421.644989 0.800200
32392668.140331 4865801.803848 -415.618011 0.800200
32392667.960529 4865790.692661 -407.212006 0.800200
32392667.600925 4865768.470288 -399.704010 0.800300
32392667.421124 4865757.359101 -399.515015 0.800300
32392667.061522 4865735.136729 -394.412994 0.800400
32392666.881721 4865724.025543 -386.354004 0.800400
32392666.701921 4865712.914358 -377.416992 0.800400
32392666.342322 4865690.691987 -378.757996 0.800400
32392666.162523 4865679.580802 -378.697998 0.800400
32392665.802925 4865657.358432 -366.002014 0.800400
32392665.623127 4865646.247248 -366.561005 0.800300
32392665.263532 4865624.024879 -366.705994 0.800200
32392665.083735 4865612.913695 -362.572998 0.800100
32392664.903938 4865601.802512 -363.341003 0.800100
32392664.544345 4865579.580145 -363.782989 0.800000
32392664.364549 4865568.468961 -363.446991 0.800000
32392702.962498 4865967.951885 -452.384003 0.800000
32392702.602991 4865945.729506 -453.975006 0.800000
32392702.423238 4865934.618317 -454.054993 0.800000
32392702.063733 4865912.395939 -454.261002 0.800000
32392701.883981 4865901.284750 -453.667999 0.800000
32392701.524479 4865879.062374 -442.148010 0.800000
32392701.344728 4865867.951185 -440.561005 0.800000
32392701.164977 4865856.839997 -438.463013 0.800100
32392700.805477 4865834.617622 -421.845001 0.800100
32392700.625727 4865823.506435 -421.747986 0.800200
32392700.266229 4865801.284060 -416.914001 0.800200
32392700.086481 4865790.172874 -408.026001 0.800200
32392699.726984 4865767.950500 -399.445007 0.800300
32392699.547237 4865756.839314 -399.480988 0.800400
32392699.187743 4865734.616942 -388.338989 0.800400
32392699.007996 4865723.505756 -378.803009 0.800400
32392698.828250 4865712.394571 -378.096985 0.800400
32392698.468758 4865690.172200 -376.821014 0.800400
32392698.289013 4865679.061015 -378.707001 0.800400
32392697.929523 4865656.838646 -367.472992 0.800400
32392697.749779 4865645.727461 -367.795013 0.800300
32392697.390291 4865623.505093 -368.041992 0.800200
32392697.210548 4865612.393909 -366.118011 0.800100
32392697.030805 4865601.282725 -363.174988 0.800100
32392696.671320 4865579.060359 -363.763000 0.800000
32392696.491578 4865567.949175 -363.787994 0.800000
32392735.087588 4865967.432253 -454.524994 0.800000
32392734.728189 4865945.209874 -454.248001 0.800000
32392734.548490 4865934.098684 -454.091003 0.800000
32392734.189093 4865911.876307 -454.065994 0.800000
32392734.009395 4865900.765118 -452.567993 0.800000
32392733.649999 4865878.542741 -441.266998 0.800000
32392733.470302 4865867.431553 -441.498993 0.800000
32392733.290606 4865856.320365 -436.279999 0.800100
32392732.931213 4865834.097990 -422.023987 0.800100
32392732.751518 4865822.986803 -422.131012 0.800100
32392732.392127 4865800.764429 -415.466003 0.800200
32392732.212432 4865789.653242 -406.691010 0.800200
32392731.853044 4865767.430869 -398.852997 0.800300
32392731.673350 4865756.319683 -398.899994 0.800400
32392731.313963 4865734.097311 -386.545013 0.800400
32392731.134271 4865722.986125 -377.993988 0.800400
32392730.954578 4865711.874940 -378.113007 0.800300
32392730.595194 4865689.652569 -377.748993 0.800400
32392730.415503 4865678.541384 -378.039001 0.800400
32392730.056121 4865656.319015 -368.199005 0.800400
32392729.876430 4865645.207831 -369.220001 0.800300
32392729.517050 4865622.985462 -369.881989 0.800200
32392729.337361 4865611.874279 -368.351013 0.800100
32392729.157672 4865600.763095 -361.920013 0.800100
32392728.798294 4865578.540728 -364.114990 0.800000
32392728.618606 4865567.429545 -363.553009 0.800000
32392767.212678 4865966.912775 -455.707993 0.800000
32392766.853386 4865944.690397 -454.072998 0.800000
32392766.673741 4865933.579207 -453.865997 0.800000
32392766.314452 4865911.356830 -453.841995 0.800000
32392766.134808 4865900.245641 -451.276001 0.800000
32392765.775520 4865878.023265 -441.408997 0.800000
32392765.595877 4865866.912077 -439.399994 0.800000
32392765.416234 4865855.800889 -431.234985 0.800100
32392765.056949 4865833.578514 -422.579987 0.800100
32392764.877307 4865822.467327 -422.627014 0.800100
32392764.518025 4865800.244953 -411.040009 0.800100
32392764.338384 4865789.133766 -402.700989 0.800200
32392763.979103 4865766.911393 -399.187988 0.800300
32392763.799463 4865755.800207 -398.932007 0.800300
32392763.440184 4865733.577835 -387.434998 0.800300
32392763.260545 4865722.466650 -378.652008 0.800300
32392763.080906 4865711.355464 -378.138000 0.800300
32392762.721630 4865689.133094 -377.260986 0.800300
32392762.541993 4865678.021909 -378.502014 0.800400
32392762.182718 4865655.799540 -369.329010 0.800400
32392762.003082 4865644.688356 -370.972992 0.800300
32392761.643809 4865622.465987 -371.391998 0.800200
32392761.464174 4865611.354804 -369.867004 0.800100
32392761.284538 4865600.243620 -362.735992 0.800000
32392760.925269 4865578.021254 -364.076996 0.800100
32392760.745634 4865566.910071 -364.164001 0.800000
32392799.337767 4865966.393454 -455.076004 0.800000
32392798.978584 4865944.171075 -453.826996 0.800000
32392798.798992 4865933.059886 -452.751999 0.800000
32392798.439811 4865910.837509 -452.322998 0.800000
32392798.260220 4865899.726320 -445.686996 0.800000
32392797.901041 4865877.503944 -441.433014 0.800000
32392797.721451 4865866.392756 -436.179993 0.800000
32392797.541862 4865855.281568 -427.105011 0.800000
32392797.182685 4865833.059193 -423.233002 0.800100
32392797.003097 4865821.948006 -422.545013 0.800100
32392796.643922 4865799.725632 -406.237000 0.800100
32392796.464335 4865788.614446 -398.959991 0.800200
32392796.105162 4865766.392073 -399.000000 0.800200
32392795.925576 4865755.280887 -398.644012 0.800300
32392795.566404 4865733.058515 -392.959015 0.800300
32392795.386819 4865721.947330 -385.217011 0.800300
32392795.207235 4865710.836144 -377.843994 0.800300
32392794.848066 4865688.613774 -377.976013 0.800300
32392794.668482 4865677.502589 -377.399994 0.800300
32392794.309316 4865655.280220 -372.147003 0.800300
32392794.129733 4865644.169036 -372.656006 0.800200
32392793.770568 4865621.946668 -373.688995 0.800200
32392793.590986 4865610.835485 -370.609009 0.800100
32392793.411405 4865599.724301 -361.848999 0.800100
32392793.052243 4865577.501935 -364.113007 0.800000
32392792.872662 4865566.390752 -363.824005 0.800000
32392831.462857 4865965.874288 -455.110992 0.800000
32392831.103781 4865943.651910 -453.740997 0.800000
32392830.924244 4865932.540721 -453.307007 0.800000
32392830.565170 4865910.318343 -446.660004 0.800000
32392830.385633 4865899.207155 -441.007996 0.800000
32392830.026561 4865876.984779 -441.273010 0.800000
32392829.847025 4865865.873591 -435.433014 0.800000
32392829.667490 4865854.762403 -426.667999 0.800000
32392829.308421 4865832.540028 -423.600006 0.800000
32392829.128887 4865821.428841 -423.437988 0.800100
32392828.769819 4865799.206467 -409.181000 0.800100
32392828.590286 4865788.095281 -401.057007 0.800200
32392828.231220 4865765.872908 -399.147003 0.800200
32392828.051688 4865754.761722 -398.907013 0.800300
32392827.692625 4865732.539351 -398.583008 0.800300
32392827.513093 4865721.428165 -396.777008 0.800300
32392827.333562 4865710.316980 -390.348999 0.800300
32392826.974501 4865688.094610 -377.830994 0.800300
32392826.794971 4865676.983425 -378.182007 0.800300
32392826.435913 4865654.761057 -378.161987 0.800300
32392826.256384 4865643.649872 -376.678009 0.800200
32392825.897327 4865621.427505 -375.980988 0.800100
32392825.717799 4865610.316321 -371.703003 0.800100
32392825.538271 4865599.205138 -364.042999 0.800100
32392825.179217 4865576.982771 -364.095001 0.800100
32392824.999690 4865565.871588 -363.433990 0.800000
32392863.587946 4865965.355278 -453.656998 0.800000
32392863.228978 4865943.132900 -453.787003 0.800000
32392863.049494 4865932.021711 -449.972000 0.800000
32392862.690528 4865909.799333 -442.125000 0.800000
32392862.511045 4865898.688145 -441.898987 0.800000
32392862.152081 4865876.465769 -441.582001 0.800000
32392861.972599 4865865.354581 -438.841003 0.800000
32392861.793118 4865854.243394 -430.494995 0.800000
32392861.434156 4865832.021019 -423.691010 0.800000
32392861.254676 4865820.909832 -423.809998 0.800100
32392860.895716 4865798.687458 -421.186005 0.800100
32392860.716237 4865787.576272 -416.903992 0.800100
32392860.357279 4865765.353899 -404.489014 0.800200
32392860.177800 4865754.242713 -398.998993 0.800200
32392859.818845 4865732.020342 -398.945007 0.800300
32392859.639367 4865720.909157 -399.015015 0.800300
32392859.459890 4865709.797972 -398.847992 0.800300
32392859.100937 4865687.575602 -387.786987 0.800300
32392858.921461 4865676.464417 -380.291992 0.800200
32392858.562509 4865654.242048 -379.286011 0.800200
32392858.383034 4865643.130864 -378.761993 0.800100
32392858.024085 4865620.908497 -378.746002 0.800100
32392857.844611 4865609.797313 -373.963989 0.800100
32392857.665137 4865598.686130 -365.427002 0.800100
32392857.306190 4865576.463764 -364.125000 0.800000
32392857.126718 4865565.352581 -363.673004 0.800000
32392895.713036 4865964.836423 -453.194000 0.800000
32392895.354175 4865942.614045 -453.404999 0.800000
32392895.174745 4865931.502856 -451.382996 0.800000
32392894.815886 4865909.280479 -441.174988 0.800000
32392894.636458 4865898.169291 -442.131989 0.800000
32392894.277601 4865875.946915 -441.746002 0.800000
32392894.098173 4865864.835727 -441.697998 0.800000
32392893.918746 4865853.724540 -441.519989 0.800000
32392893.559891 4865831.502165 -432.953003 0.800000
32392893.380465 4865820.390978 -427.039001 0.800100
32392893.021613 4865798.168605 -422.161011 0.800100
32392892.842187 4865787.057419 -421.903015 0.800100
32392892.483337 4865764.835046 -418.578003 0.800100
32392892.303912 4865753.723860 -410.317993 0.800100
32392891.945064 4865731.501489 -399.894989 0.800200
32392891.765641 4865720.390304 -400.096985 0.800200
32392891.586217 4865709.279119 -399.816010 0.800300
32392891.227372 4865687.056749 -396.566010 0.800200
32392891.047950 4865675.945564 -387.824005 0.800200
32392890.689106 4865653.723196 -380.035004 0.800100
32392890.509685 4865642.612012 -379.894012 0.800100
32392890.150843 4865620.389644 -379.516998 0.800100
32392889.971423 4865609.278461 -373.200012 0.800100
32392889.792003 4865598.167278 -365.195007 0.800000
32392889.433164 4865575.944912 -364.268005 0.800000
32392889.253745 4865564.833729 -364.355011 0.800000
32392927.838125 4865964.317725 -453.809998 0.800000
32392927.479372 4865942.095347 -453.695999 0.800000
32392927.299996 4865930.984158 -453.628998 0.800000
32392926.941245 4865908.761781 -451.061996 0.800000
32392926.761870 4865897.650593 -450.697006 0.800000
32392926.403121 4865875.428217 -448.429001 0.800000
32392926.223747 4865864.317029 -447.026001 0.800000
32392926.044373 4865853.205842 -444.839996 0.800000
32392925.685626 4865830.983467 -442.746002 0.800000
32392925.506254 4865819.872280 -436.557007 0.800100
32392925.147509 4865797.649907 -421.493988 0.800100
32392924.968138 4865786.538721 -420.976013 0.800100
32392924.609395 4865764.316349 -419.931000 0.800100
32392924.430024 4865753.205163 -414.846008 0.800100
32392924.071284 4865730.982792 -400.002014 0.800100
32392923.891914 4865719.871607 -400.403992 0.800200
32392923.712545 4865708.760422 -400.019989 0.800200
32392923.353807 4865686.538052 -398.214996 0.800200
32392923.174438 4865675.426867 -392.917999 0.800100
32392922.815702 4865653.204499 -380.247009 0.800100
32392922.636335 4865642.093315 -380.328003 0.800100
32392922.277601 4865619.870948 -379.437012 0.800100
32392922.098235 4865608.759764 -378.562012 0.800100
32392921.918868 4865597.648581 -371.832001 0.800000
32392921.560137 4865575.426215 -364.079987 0.800000
32392921.380772 4865564.315033 -363.963989 0.800000
32392959.963213 4865963.799181 -454.141998 0.800000
32392959.604568 4865941.576804 -455.035995 0.800000
32392959.425246 4865930.465615 -454.947006 0.800000
32392959.066603 4865908.243238 -455.076004 0.800000
32392958.887281 4865897.132050 -453.514008 0.800000
32392958.528640 4865874.909674 -449.205994 0.800000
32392958.349320 4865863.798487 -449.065002 0.800000
32392958.170000 4865852.687299 -445.067001 0.800000
32392957.811361 4865830.464925 -435.634003 0.800000
32392957.632042 4865819.353738 -430.864014 0.800100
32392957.273406 4865797.131365 -431.049988 0.800100
32392957.094088 4865786.020179 -426.915985 0.800100
32392956.735453 4865763.797807 -420.925995 0.800100
32392956.556136 4865752.686621 -419.795013 0.800100
32392956.197503 4865730.464250 -406.804993 0.800100
32392956.018187 4865719.353065 -399.502991 0.800100
32392955.838872 4865708.241880 -400.739014 0.800100
32392955.480241 4865686.019511 -399.582001 0.800100
32392955.300927 4865674.908326 -393.997009 0.800100
32392954.942299 4865652.685958 -380.933990 0.800100
32392954.762985 4865641.574774 -381.061005 0.800100
32392954.404359 4865619.352407 -379.259003 0.800100
32392954.225046 4865608.241223 -380.506012 0.800000
32392954.045734 4865597.130040 -379.765015 0.800000
32392953.687110 4865574.907675 -378.412994 0.800000
32392953.507799 4865563.796492 -374.591003 0.800000
32392992.088302 4865963.280794 -460.460007 0.800000
32392991.729764 4865941.058416 -456.503998 0.800000
32392991.550496 4865929.947228 -455.242004 0.800000
32392991.191960 4865907.724851 -455.195007 0.800000
32392991.012693 4865896.613663 -455.139999 0.800000
32392990.654159 4865874.391287 -452.526001 0.800000
32392990.474893 4865863.280100 -451.964005 0.800000
32392990.295627 4865852.168912 -448.074997 0.800000
32392989.937096 4865829.946538 -439.932007 0.800000
32392989.757831 4865818.835352 -436.799011 0.800000
32392989.399302 4865796.612979 -431.523987 0.800100
32392989.220038 4865785.501792 -429.868988 0.800100
32392988.861511 4865763.279421 -421.584015 0.800100
32392988.682248 4865752.168235 -421.714996 0.800000
32392988.323722 4865729.945864 -414.540985 0.800000
32392988.144460 4865718.834679 -405.697998 0.800100
32392987.965199 4865707.723494 -400.953003 0.800100
32392987.606676 4865685.501125 -400.618011 0.800100
32392987.427415 4865674.389940 -397.102997 0.800100
32392987.068895 4865652.167572 -380.854004 0.800000
32392986.889635 4865641.056388 -381.704010 0.800000
32392986.531116 4865618.834021 -380.359009 0.800100
32392986.351857 4865607.722838 -380.925995 0.800000
32392986.172599 4865596.611655 -380.475006 0.800000
32392985.814083 4865574.389290 -380.162994 0.800000
32392985.634826 4865563.278107 -380.924988 0.800000
32393024.213390 4865962.762562 -460.806000 0.800000
32393023.854960 4865940.540184 -456.940002 0.800000
32393023.675746 4865929.428996 -455.537994 0.800000
32393023.317318 4865907.206619 -455.778000 0.800000
32393023.138104 4865896.095431 -455.688995 0.800000
32393022.779678 4865873.873056 -454.449005 0.800000
32393022.600466 4865862.761869 -453.951004 0.800000
32393022.421254 4865851.650681 -453.225006 0.800000
32393022.062830 4865829.428307 -441.812988 0.800000
32393021.883619 4865818.317121 -436.786987 0.800000
32393021.525198 4865796.094748 -430.661987 0.800000
32393021.345987 4865784.983562 -431.170990 0.800100
32393020.987568 4865762.761190 -421.230988 0.800000
32393020.808359 4865751.650004 -421.936005 0.800000
32393020.449941 4865729.427634 -419.600006 0.800000
32393020.270733 4865718.316449 -412.050995 0.800000
32393020.091525 4865707.205264 -402.640015 0.800100
32393019.733110 4865684.982895 -400.983002 0.800000
32393019.553903 4865673.871710 -399.200012 0.800000
32393019.195490 4865651.649342 -383.122986 0.800000
32393019.016284 4865640.538159 -382.395996 0.800000
32393018.657874 4865618.315792 -380.842011 0.800000
32393018.478669 4865607.204609 -381.997009 0.800000
32393018.299464 4865596.093426 -380.334991 0.800000
32393017.941056 4865573.871060 -381.006989 0.800000
32393017.761852 4865562.759878 -381.119995 0.800000
32393056.338478 4865962.244486 -460.785995 0.800000
32393055.980156 4865940.022108 -458.882996 0.800000
32393055.800995 4865928.910920 -455.526001 0.800000
32393055.442675 4865906.688544 -455.565994 0.800000
32393055.263516 4865895.577356 -455.457001 0.800000
32393054.905197 4865873.354980 -451.852005 0.800000
32393054.726039 4865862.243793 -451.996994 0.800000
32393054.546880 4865851.132606 -451.576004 0.800000
32393054.188564 4865828.910232 -447.110992 0.800000
32393054.009407 4865817.799045 -439.911011 0.800000
32393053.651093 4865795.576673 -432.880005 0.800000
32393053.471937 4865784.465487 -430.412994 0.800000
32393053.113625 4865762.243115 -428.759003 0.800000
32393052.934470 4865751.131930 -420.661987 0.800000
32393052.576160 4865728.909559 -421.295990 0.800000
32393052.397006 4865717.798374 -416.338013 0.800000
32393052.217852 4865706.687189 -407.622986 0.800000
32393051.859544 4865684.464820 -401.098999 0.800000
32393051.680391 4865673.353636 -399.496002 0.800000
32393051.322086 4865651.131268 -384.471008 0.800000
32393051.142934 4865640.020085 -382.865997 0.800000
32393050.784631 4865617.797718 -381.653992 0.800000
32393050.605480 4865606.686535 -382.627991 0.800000
32393050.426329 4865595.575352 -382.130005 0.800000
32393050.068028 4865573.352986 -381.134003 0.800000
32393049.888878 4865562.241804 -381.420013 0.800000
32392261.242487 4865975.112621 -558.529999 0.900000
32392260.881499 4865952.890240 -559.130005 0.900000
32392260.701006 4865941.779050 -559.830002 0.900000
32392260.340021 4865919.556670 -560.026993 0.900000
32392260.159529 4865908.445481 -558.059006 0.900000
32392259.798545 4865886.223102 -551.904007 0.900000
32392259.618054 4865875.111913 -543.075012 0.900000
32392259.437563 4865864.000724 -540.683990 0.900000
32392259.076583 4865841.778346 -539.063995 0.900000
32392258.896093 4865830.667158 -535.005005 0.900000
32392258.535114 4865808.444782 -526.621002 0.900000
32392258.354625 4865797.333594 -526.321014 0.900000
32392257.993649 4865775.111219 -526.226990 0.900000
32392257.813161 4865764.000032 -524.154999 0.900000
32392257.452186 4865741.777658 -509.769989 0.900000
32392257.271699 4865730.666471 -503.640991 0.900000
32392257.091213 4865719.555284 -504.859985 0.900000
32392256.730240 4865697.332912 -504.635010 0.900000
32392256.549755 4865686.221726 -504.290985 0.900000
32392256.188785 4865663.999355 -503.748993 0.900000
32392256.008300 4865652.888169 -503.869995 0.900000
32392255.647332 4865630.665799 -500.196991 0.900000
32392255.466848 4865619.554614 -497.971008 0.900000
32392255.286365 4865608.443429 -494.769989 0.900000
32392254.925400 4865586.221060 -493.562012 0.900000
32392254.744917 4865575.109876 -492.803009 0.900000
32392293.367580 4865974.590848 -558.904999 0.900000
32392293.006700 4865952.368467 -559.776993 0.900000
32392292.826261 4865941.257277 -560.113998 0.900000
32392292.465383 4865919.034897 -558.149994 0.900000
32392292.284945 4865907.923708 -558.020004 0.900000
32392291.924069 4865885.701329 -540.968994 0.900000
32392291.743632 4865874.590140 -541.001007 0.900000
32392291.563195 4865863.478951 -540.687012 0.900000
32392291.202322 4865841.256574 -529.709015 0.900000
32392291.021886 4865830.145386 -526.466003 0.900000
32392290.661015 4865807.923010 -526.148987 0.900000
32392290.480580 4865796.811822 -525.997009 0.900000
32392290.119711 4865774.589447 -519.153015 0.900000
32392289.939277 4865763.478260 -512.485992 0.900000
32392289.578410 4865741.255886 -503.035004 0.900000
32392289.397977 4865730.144699 -503.022003 0.900000
32392289.217544 4865719.033513 -502.963989 0.900000
32392288.856679 4865696.811141 -502.807007 0.900000
32392288.676248 4865685.699955 -502.049011 0.900000
32392288.315385 4865663.477583 -494.187012 0.900000
32392288.134954 4865652.366398 -489.550995 0.900000
32392287.774094 4865630.144028 -482.027008 0.900000
32392287.593664 4865619.032843 -481.989990 0.900000
32392287.413235 4865607.921658 -481.958008 0.900000
32392287.052377 4865585.699290 -482.036011 0.900000
32392286.871949 4865574.588106 -482.247986 0.900000
32392325.492672 4865974.069231 -559.143005 0.900000
32392325.131901 4865951.846850 -559.850998 0.900000
32392324.951515 4865940.735660 -560.225998 0.900000
32392324.590745 4865918.513280 -558.115005 0.900000
32392324.410361 4865907.402091 -552.985992 0.900000
32392324.049593 4865885.179712 -541.263000 0.900000
32392323.869209 4865874.068523 -540.964996 0.900000
32392323.688826 4865862.957335 -539.348999 0.900000
32392323.328061 4865840.734958 -526.272003 0.900000
32392323.147678 4865829.623769 -526.703003 0.900000
32392322.786915 4865807.401393 -525.183014 0.900000
32392322.606534 4865796.290206 -520.334991 0.900000
32392322.245773 4865774.067831 -505.989990 0.900000
32392322.065392 4865762.956644 -502.558990 0.900000
32392321.704633 4865740.734270 -501.575989 0.900000
32392321.524254 4865729.623083 -501.226990 0.900000
32392321.343875 4865718.511897 -501.203003 0.900000
32392320.983118 4865696.289525 -496.792999 0.900000
32392320.802740 4865685.178339 -489.977997 0.900000
32392320.441985 4865662.955968 -481.936005 0.900000
32392320.261609 4865651.844783 -481.977997 0.900000
32392319.900856 4865629.622413 -482.186005 0.900000
32392319.720480 4865618.511228 -481.183014 0.900000
32392319.540104 4865607.400043 -482.006989 0.900000
32392319.179354 4865585.177675 -476.187988 0.900000
32392318.998980 4865574.066491 -474.846008 0.900000
32392357.617765 4865973.547769 -558.882996 0.900000
32392357.257101 4865951.325388 -560.212997 0.900000
32392357.076769 4865940.214198 -560.315994 0.900000
32392356.716107 4865917.991819 -555.419006 0.900000
32392356.535776 4865906.880629 -546.539001 0.900000
32392356.175116 4865884.658251 -541.268005 0.900000
32392355.994786 4865873.547062 -540.925995 0.900000
32392355.814457 4865862.435873 -539.458008 0.900000
32392355.453799 4865840.213497 -526.385010 0.900000
32392355.273471 4865829.102308 -526.309998 0.900000
32392354.912815 4865806.879933 -523.362000 0.900000
32392354.732488 4865795.768745 -515.859009 0.900000
32392354.371834 4865773.546370 -501.601013 0.900000
32392354.191508 4865762.435183 -501.476990 0.900000
32392353.830856 4865740.212810 -501.041992 0.900000
32392353.650531 4865729.101623 -499.592011 0.900000
32392353.470206 4865717.990437 -492.066986 0.900000
32392353.109557 4865695.768065 -481.911987 0.900000
32392352.929233 4865684.656879 -482.119995 0.900000
32392352.568586 4865662.434508 -482.347992 0.900000
32392352.388262 4865651.323323 -481.404999 0.900000
32392352.027617 4865629.100953 -474.750000 0.900000
32392351.847295 4865617.989768 -470.186005 0.900000
32392351.666974 4865606.878584 -463.727997 0.900000
32392351.306331 4865584.656215 -463.759003 0.900000
32392351.126010 4865573.545031 -463.665009 0.900000
32392389.742857 4865973.026463 -560.350998 0.900000
32392389.382301 4865950.804082 -560.427994 0.900000
32392389.202023 4865939.692892 -559.033997 0.900000
32392388.841469 4865917.470513 -550.733002 0.900000
32392388.661192 4865906.359324 -542.627014 0.900000
32392388.300639 4865884.136945 -541.306000 0.900000
32392388.120363 4865873.025757 -540.317993 0.900000
32392387.940088 4865861.914568 -535.138000 0.900000
32392387.579538 4865839.692191 -525.803986 0.900000
32392387.399263 4865828.581003 -525.446991 0.900000
32392387.038715 4865806.358627 -517.084991 0.900000
32392386.858442 4865795.247440 -509.057007 0.900000
32392386.497896 4865773.025065 -501.725006 0.900000
32392386.317623 4865761.913878 -501.170990 0.900000
32392385.957079 4865739.691505 -492.804993 0.900000
32392385.776808 4865728.580319 -485.502991 0.900000
32392385.596536 4865717.469132 -482.592987 0.900000
32392385.235995 4865695.246760 -482.330994 0.900000
32392385.055725 4865684.135575 -482.044006 0.900000
32392384.695185 4865661.913204 -476.979004 0.900000
32392384.514916 4865650.802019 -471.125000 0.900000
32392384.154379 4865628.579649 -463.895996 0.900000
32392383.974110 4865617.468464 -463.923004 0.900000
32392383.793843 4865606.357280 -463.911987 0.900000
32392383.433308 4865584.134912 -463.993988 0.900000
32392383.253041 4865573.023728 -464.074005 0.900000
32392421.867950 4865972.505312 -560.449997 0.900000
32392421.507501 4865950.282932 -560.541000 0.900000
32392421.327277 4865939.171742 -558.632996 0.900000
32392420.966830 4865916.949363 -547.945999 0.900000
32392420.786607 4865905.838174 -541.946991 0.900000
32392420.426162 4865883.615796 -541.928986 0.900000
32392420.245940 4865872.504607 -539.984009 0.900000
32392420.065718 4865861.393418 -533.161987 0.900000
32392419.705276 4865839.171042 -524.777008 0.900000
32392419.525055 4865828.059854 -524.915985 0.900000
32392419.164615 4865805.837478 -513.489014 0.900000
32392418.984395 4865794.726291 -506.041992 0.900000
32392418.623957 4865772.503916 -502.007996 0.900000
32392418.443738 4865761.392729 -500.181000 0.900000
32392418.083302 4865739.170356 -485.627991 0.900000
32392417.903084 4865728.059170 -483.153992 0.900000
32392417.722867 4865716.947983 -482.998993 0.900000
32392417.362433 4865694.725612 -481.556000 0.900000
32392417.182217 4865683.614426 -477.635986 0.900000
32392416.821785 4865661.392055 -463.045013 0.900000
32392416.641570 4865650.280870 -463.524994 0.900000
32392416.281140 4865628.058501 -464.002014 0.900000
32392416.100925 4865616.947316 -464.149994 0.900000
32392415.920711 4865605.836132 -464.235992 0.900000
32392415.560284 4865583.613764 -464.009003 0.900000
32392415.380071 4865572.502580 -463.895996 0.900000
32392453.993042 4865971.984317 -560.367004 0.900000
32392453.632700 4865949.761937 -560.369995 0.900000
32392453.452530 4865938.650747 -558.296997 0.900000
32392453.092191 4865916.428368 -548.404007 0.900000
32392452.912022 4865905.317179 -543.365997 0.900000
32392452.551685 4865883.094801 -541.832001 0.900000
32392452.371517 4865871.983613 -538.312012 0.900000
32392452.191349 4865860.872424 -531.475006 0.900000
32392451.831014 4865838.650048 -524.566986 0.900000
32392451.650847 4865827.538860 -524.446014 0.900000
32392451.290515 4865805.316484 -510.587006 0.900000
32392451.110349 4865794.205297 -501.442993 0.900000
32392450.750018 4865771.982923 -502.041992 0.900000
32392450.569853 4865760.871736 -500.194000 0.900000
32392450.209525 4865738.649363 -485.968994 0.900000
32392450.029361 4865727.538176 -483.096985 0.900000
32392449.849197 4865716.426990 -483.131012 0.900000
32392449.488871 4865694.204619 -482.098999 0.900000
32392449.308709 4865683.093433 -477.062988 0.900000
32392448.948384 4865660.871062 -462.821014 0.900000
32392448.768223 4865649.759877 -463.691010 0.900000
32392448.407901 4865627.537508 -463.860992 0.900000
32392448.227740 4865616.426324 -464.139008 0.900000
32392448.047580 4865605.315139 -464.000000 0.900000
32392447.687261 4865583.092771 -463.953003 0.900000
32392447.507101 4865571.981588 -463.739990 0.900000
32392478.086861 4865971.593673 -560.244003 0.900000
32392477.726600 4865949.371293 -560.194000 0.900000
32392477.546470 4865938.260104 -557.876999 0.900000
32392477.186212 4865916.037725 -547.649002 0.900000
32392477.006083 4865904.926536 -544.766006 0.900000
32392476.645827 4865882.704158 -540.061005 0.900000
32392476.465699 4865871.592969 -540.240997 0.900000
32392476.285571 4865860.481781 -534.792999 0.900000
32392475.925317 4865838.259404 -524.149994 0.900000
32392475.745191 4865827.148216 -523.997986 0.900000
32392475.384939 4865804.925841 -512.532989 0.900000
32392475.204814 4865793.814654 -503.748993 0.900000
32392474.844564 4865771.592280 -502.281006 0.900000
32392474.664439 4865760.481093 -501.834015 0.900000
32392474.304191 4865738.258720 -488.252991 0.900000
32392474.124068 4865727.147534 -482.558014 0.900000
32392473.943945 4865716.036347 -482.976013 0.900000
32392473.583699 4865693.813976 -481.683990 0.900000
32392473.403577 4865682.702790 -479.058990 0.900000
32392473.043334 4865660.480420 -462.333008 0.900000
32392472.863213 4865649.369235 -463.358002 0.900000
32392472.502971 4865627.146866 -463.898987 0.900000
32392472.322851 4865616.035681 -463.976990 0.900000
32392472.142731 4865604.924497 -463.829987 0.900000
32392471.782493 4865582.702129 -463.321014 0.900000
32392471.602374 4865571.590946 -463.359985 0.900000
32392510.211952 4865971.072951 -559.707001 0.900000
32392509.851799 4865948.850571 -559.904999 0.900000
32392509.671723 4865937.739381 -558.095993 0.900000
32392509.311573 4865915.517003 -547.399002 0.900000
32392509.131498 4865904.405814 -546.871994 0.900000
32392508.771349 4865882.183436 -539.812988 0.900000
32392508.591275 4865871.072247 -540.024994 0.900000
32392508.411201 4865859.961059 -533.906006 0.900000
32392508.051055 4865837.738683 -523.903992 0.900000
32392507.870983 4865826.627495 -523.773987 0.900000
32392507.510838 4865804.405120 -514.621002 0.900000
32392507.330767 4865793.293932 -506.372986 0.900000
32392506.970624 4865771.071558 -501.493988 0.900000
32392506.790554 4865759.960372 -501.278992 0.900000
32392506.430414 4865737.737999 -491.001007 0.900000
32392506.250344 4865726.626813 -482.804993 0.900000
32392506.070275 4865715.515627 -481.372986 0.900000
32392505.710137 4865693.293255 -480.489990 0.900000
32392505.530069 4865682.182070 -476.118011 0.900000
32392505.169933 4865659.959700 -461.665985 0.900000
32392504.989866 4865648.848515 -463.205994 0.900000
32392504.629732 4865626.626145 -463.549011 0.900000
32392504.449666 4865615.514961 -463.528992 0.900000
32392504.269600 4865604.403777 -463.298004 0.900000
32392503.909469 4865582.181409 -463.484985 0.900000
32392503.729404 4865571.070226 -463.346008 0.900000
32392542.337044 4865970.552384 -559.063995 0.900000
32392541.976998 4865948.330004 -559.209000 0.900000
32392541.796976 4865937.218815 -557.203003 0.900000
32392541.436933 4865914.996436 -547.921005 0.900000
32392541.256912 4865903.885247 -548.557007 0.900000
32392540.896871 4865881.662870 -539.582001 0.900000
32392540.716851 4865870.551681 -540.098999 0.900000
32392540.536831 4865859.440493 -533.502014 0.900000
32392540.176793 4865837.218117 -523.669006 0.900000
32392539.996774 4865826.106929 -523.600006 0.900000
32392539.636737 4865803.884554 -513.984985 0.900000
32392539.456720 4865792.773367 -505.239990 0.900000
32392539.096685 4865770.550993 -501.420990 0.900000
32392538.916668 4865759.439806 -501.244995 0.900000
32392538.556636 4865737.217434 -490.596008 0.900000
32392538.376620 4865726.106247 -482.177002 0.900000
32392538.196604 4865714.995062 -479.595001 0.900000
32392537.836574 4865692.772690 -479.963013 0.900000
32392537.656560 4865681.661505 -477.238007 0.900000
32392537.296532 4865659.439135 -462.329010 0.900000
32392537.116518 4865648.327950 -463.653015 0.900000
32392536.756492 4865626.105581 -463.803009 0.900000
32392536.576480 4865614.994397 -463.579010 0.900000
32392536.396468 4865603.883213 -463.622009 0.900000
32392536.036444 4865581.660845 -463.796997 0.900000
32392535.856433 4865570.549662 -463.632996 0.900000
32392574.462135 4865970.031973 -558.225998 0.900000
32392574.102197 4865947.809593 -558.494995 0.900000
32392573.922229 4865936.698404 -556.632996 0.900000
32392573.562294 4865914.476025 -550.487000 0.900000
32392573.382326 4865903.364836 -550.539001 0.900000
32392573.022393 4865881.142459 -538.911011 0.900000
32392572.842427 4865870.031271 -539.954010 0.900000
32392572.662461 4865858.920082 -536.347992 0.900000
32392572.302530 4865836.697706 -522.851990 0.900000
32392572.122565 4865825.586519 -522.669006 0.900000
32392571.762636 4865803.364144 -514.885986 0.900000
32392571.582672 4865792.252957 -506.596985 0.900000
32392571.222745 4865770.030583 -500.911987 0.900000
32392571.042782 4865758.919397 -500.697998 0.900000
32392570.682857 4865736.697024 -491.816986 0.900000
32392570.502895 4865725.585838 -483.214996 0.900000
32392570.322934 4865714.474652 -479.811005 0.900000
32392569.963012 4865692.252281 -480.019989 0.900000
32392569.783051 4865681.141096 -477.519012 0.900000
32392569.423131 4865658.918726 -461.941986 0.900000
32392569.243171 4865647.807541 -463.497009 0.900000
32392568.883253 4865625.585172 -463.230011 0.900000
32392568.703294 4865614.473988 -463.334015 0.900000
32392568.523336 4865603.362804 -463.575989 0.900000
32392568.163420 4865581.140436 -463.644012 0.900000
32392567.983462 4865570.029253 -463.316010 0.900000
32392606.587226 4865969.511718 -557.242996 0.900000
32392606.227396 4865947.289338 -557.526001 0.900000
32392606.047482 4865936.178149 -555.466003 0.900000
32392605.687654 4865913.955770 -552.218994 0.900000
32392605.507740 4865902.844581 -552.268997 0.900000
32392605.147915 4865880.622204 -540.463989 0.900000
32392604.968002 4865869.511016 -539.585999 0.900000
32392604.788090 4865858.399828 -537.087006 0.900000
32392604.428267 4865836.177452 -521.954010 0.900000
32392604.248356 4865825.066264 -522.131989 0.900000
32392603.888535 4865802.843890 -517.270996 0.900000
32392603.708625 4865791.732703 -508.257996 0.900000
32392603.348805 4865769.510329 -500.451996 0.900000
32392603.168896 4865758.399142 -500.118988 0.900000
32392602.809079 4865736.176770 -493.899994 0.900000
32392602.629171 4865725.065584 -485.604004 0.900000
32392602.449263 4865713.954398 -478.562012 0.900000
32392602.089448 4865691.732027 -479.699005 0.900000
32392601.909542 4865680.620842 -474.937012 0.900000
32392601.549729 4865658.398472 -462.420013 0.900000
32392601.369823 4865647.287288 -464.278992 0.900000
32392601.010013 4865625.064919 -464.175995 0.900000
32392600.830108 4865613.953735 -463.783997 0.900000
32392600.650203 4865602.842551 -463.382996 0.900000
32392600.290395 4865580.620183 -463.717011 0.900000
32392600.110492 4865569.509000 -463.217011 0.900000
32392638.712317 4865968.991618 -556.005997 0.900000
32392638.352594 4865946.769239 -556.044006 0.900000
32392638.172734 4865935.658049 -554.723999 0.900000
32392637.813014 4865913.435671 -553.826004 0.900000
32392637.633154 4865902.324482 -554.039993 0.900000
32392637.273436 4865880.102105 -542.169006 0.900000
32392637.093578 4865868.990917 -539.385010 0.900000
32392636.913719 4865857.879729 -537.734985 0.900000
32392636.554004 4865835.657353 -521.175995 0.900000
32392636.374147 4865824.546165 -521.871002 0.900000
32392636.014433 4865802.323791 -518.032013 0.900000
32392635.834577 4865791.212604 -508.829987 0.900000
32392635.474865 4865768.990230 -500.071991 0.900000
32392635.295010 4865757.879044 -499.951996 0.900000
32392634.935300 4865735.656672 -493.872009 0.900000
32392634.755446 4865724.545486 -485.470001 0.900000
32392634.575592 4865713.434300 -478.031006 0.900000
32392634.215885 4865691.211929 -479.066986 0.900000
32392634.036032 4865680.100744 -473.510010 0.900000
32392633.676327 4865657.878374 -464.795013 0.900000
32392633.496475 4865646.767190 -465.174011 0.900000
32392633.136772 4865624.544821 -465.559998 0.900000
32392632.956921 4865613.433637 -463.579987 0.900000
32392632.777071 4865602.322453 -463.250000 0.900000
32392632.417370 4865580.100086 -463.737000 0.900000
32392632.237521 4865568.988903 -463.001007 0.900000
32392670.837407 4865968.471674 -554.449997 0.900000
32392670.477793 4865946.249295 -554.492004 0.900000
32392670.297986 4865935.138105 -554.434998 0.900000
32392669.938374 4865912.915727 -552.964005 0.900000
32392669.758568 4865901.804538 -554.990005 0.900000
32392669.398957 4865879.582161 -544.272003 0.900000
32392669.219153 4865868.470973 -539.380005 0.900000
32392669.039348 4865857.359785 -538.842987 0.900000
32392668.679741 4865835.137410 -523.020996 0.900000
32392668.499937 4865824.026222 -521.644989 0.900000
32392668.140331 4865801.803848 -515.618011 0.900000
32392667.960529 4865790.692661 -507.212006 0.900000
32392667.600925 4865768.470288 -499.704010 0.900000
32392667.421124 4865757.359101 -499.515015 0.900000
32392667.061522 4865735.136729 -494.412994 0.900000
32392666.881721 4865724.025543 -486.354004 0.900000
32392666.701921 4865712.914358 -477.416992 0.900000
32392666.342322 4865690.691987 -478.757996 0.900000
32392666.162523 4865679.580802 -478.697998 0.900000
32392665.802925 4865657.358432 -466.002014 0.900000
32392665.623127 4865646.247248 -466.561005 0.900000
32392665.263532 4865624.024879 -466.705994 0.900000
32392665.083735 4865612.913695 -462.572998 0.900000
32392664.903938 4865601.802512 -463.341003 0.900000
32392664.544345 4865579.580145 -463.782989 0.900000
32392664.364549 4865568.468961 -463.446991 0.900000
32392702.962498 4865967.951885 -552.384003 0.900000
32392702.602991 4865945.729506 -553.975006 0.900000
32392702.423238 4865934.618317 -554.054993 0.900000
32392702.063733 4865912.395939 -554.261002 0.900000
32392701.883981 4865901.284750 -553.667999 0.900000
32392701.524479 4865879.062374 -542.148010 0.900000
32392701.344728 4865867.951185 -540.561005 0.900000
32392701.164977 4865856.839997 -538.463013 0.900000
32392700.805477 4865834.617622 -521.845001 0.900000
32392700.625727 4865823.506435 -521.747986 0.900000
32392700.266229 4865801.284060 -516.914001 0.900000
32392700.086481 4865790.172874 -508.026001 0.900000
32392699.726984 4865767.950500 -499.445007 0.900000
32392699.547237 4865756.839314 -499.480988 0.900000
32392699.187743 4865734.616942 -488.338989 0.900000
32392699.007996 4865723.505756 -478.803009 0.900000
32392698.828250 4865712.394571 -478.096985 0.900000
32392698.468758 4865690.172200 -476.821014 0.900000
32392698.289013 4865679.061015 -478.707001 0.900000
32392697.929523 4865656.838646 -467.472992 0.900000
32392697.749779 4865645.727461 -467.795013 0.900000
32392697.390291 4865623.505093 -468.041992 0.900000
32392697.210548 4865612.393909 -466.118011 0.900000
32392697.030805 4865601.282725 -463.174988 0.900000
32392696.671320 4865579.060359 -463.763000 0.900000
32392696.491578 4865567.949175 -463.787994 0.900000
32392735.087588 4865967.432253 -554.524994 0.900000
32392734.728189 4865945.209874 -554.248001 0.900000
32392734.548490 4865934.098684 -554.091003 0.900000
32392734.189093 4865911.876307 -554.065994 0.900000
32392734.009395 4865900.765118 -552.567993 0.900000
32392733.649999 4865878.542741 -541.266998 0.900000
32392733.470302 4865867.431553 -541.498993 0.900000
32392733.290606 4865856.320365 -536.279999 0.900000
32392732.931213 4865834.097990 -522.023987 0.900000
32392732.751518 4865822.986803 -522.131012 0.900000
32392732.392127 4865800.764429 -515.466003 0.900000
32392732.212432 4865789.653242 -506.691010 0.900000
32392731.853044 4865767.430869 -498.852997 0.900000
32392731.673350 4865756.319683 -498.899994 0.900000
32392731.313963 4865734.097311 -486.545013 0.900000
32392731.134271 4865722.986125 -477.993988 0.900000
32392730.954578 4865711.874940 -478.113007 0.900000
32392730.595194 4865689.652569 -477.748993 0.900000
32392730.415503 4865678.541384 -478.039001 0.900000
32392730.056121 4865656.319015 -468.199005 0.900000
32392729.876430 4865645.207831 -469.220001 0.900000
32392729.517050 4865622.985462 -469.881989 0.900000
32392729.337361 4865611.874279 -468.351013 0.900000
32392729.157672 4865600.763095 -461.920013 0.900000
32392728.798294 4865578.540728 -464.114990 0.900000
32392728.618606 4865567.429545 -463.553009 0.900000
32392767.212678 4865966.912775 -555.707993 0.900000
32392766.853386 4865944.690397 -554.072998 0.900000
32392766.673741 4865933.579207 -553.865997 0.900000
32392766.314452 4865911.356830 -553.841995 0.900000
32392766.134808 4865900.245641 -551.276001 0.900000
32392765.775520 4865878.023265 -541.408997 0.900000
32392765.595877 4865866.912077 -539.399994 0.900000
32392765.416234 4865855.800889 -531.234985 0.900000
32392765.056949 4865833.578514 -522.579987 0.900000
32392764.877307 4865822.467327 -522.627014 0.900000
32392764.518025 4865800.244953 -511.040009 0.900000
32392764.338384 4865789.133766 -502.700989 0.900000
32392763.979103 4865766.911393 -499.187988 0.900000
32392763.799463 4865755.800207 -498.932007 0.900000
32392763.440184 4865733.577835 -487.434998 0.900000
32392763.260545 4865722.466650 -478.652008 0.900000
32392763.080906 4865711.355464 -478.138000 0.900000
32392762.721630 4865689.133094 -477.260986 0.900000
32392762.541993 4865678.021909 -478.502014 0.900000
32392762.182718 4865655.799540 -469.329010 0.900000
32392762.003082 4865644.688356 -470.972992 0.900000
32392761.643809 4865622.465987 -471.391998 0.900000
32392761.464174 4865611.354804 -469.867004 0.900000
32392761.284538 4865600.243620 -462.735992 0.900000
32392760.925269 4865578.021254 -464.076996 0.900000
32392760.745634 4865566.910071 -464.164001 0.900000
32392799.337767 4865966.393454 -555.076004 0.900000
32392798.978584 4865944.171075 -553.826996 0.900000
32392798.798992 4865933.059886 -552.751999 0.900000
32392798.439811 4865910.837509 -552.322998 0.900000
32392798.260220 4865899.726320 -545.686996 0.900000
32392797.901041 4865877.503944 -541.433014 0.900000
32392797.721451 4865866.392756 -536.179993 0.900000
32392797.541862 4865855.281568 -527.105011 0.900000
32392797.182685 4865833.059193 -523.233002 0.900000
32392797.003097 4865821.948006 -522.545013 0.900000
32392796.643922 4865799.725632 -506.237000 0.900000
32392796.464335 4865788.614446 -498.959991 0.900000
32392796.105162 4865766.392073 -499.000000 0.900000
32392795.925576 4865755.280887 -498.644012 0.900000
32392795.566404 4865733.058515 -492.959015 0.900000
32392795.386819 4865721.947330 -485.217011 0.900000
32392795.207235 4865710.836144 -477.843994 0.900000
32392794.848066 4865688.613774 -477.976013 0.900000
32392794.668482 4865677.502589 -477.399994 0.900000
32392794.309316 4865655.280220 -472.147003 0.900000
32392794.129733 4865644.169036 -472.656006 0.900000
32392793.770568 4865621.946668 -473.688995 0.900000
32392793.590986 4865610.835485 -470.609009 0.900000
32392793.411405 4865599.724301 -461.848999 0.900000
32392793.052243 4865577.501935 -464.113007 0.900000
32392792.872662 4865566.390752 -463.824005 0.900000
32392831.462857 4865965.874288 -555.110992 0.900000
32392831.103781 4865943.651910 -553.740997 0.900000
32392830.924244 4865932.540721 -553.307007 0.900000
32392830.565170 4865910.318343 -546.660004 0.900000
32392830.385633 4865899.207155 -541.007996 0.900000
32392830.026561 4865876.984779 -541.273010 0.900000
32392829.847025 4865865.873591 -535.433014 0.900000
32392829.667490 4865854.762403 -526.667999 0.900000
32392829.308421 4865832.540028 -523.600006 0.900000
32392829.128887 4865821.428841 -523.437988 0.900000
32392828.769819 4865799.206467 -509.181000 0.900000
32392828.590286 4865788.095281 -501.057007 0.900000
32392828.231220 4865765.872908 -499.147003 0.900000
32392828.051688 4865754.761722 -498.907013 0.900000
32392827.692625 4865732.539351 -498.583008 0.900000
32392827.513093 4865721.428165 -496.777008 0.900000
32392827.333562 4865710.316980 -490.348999 0.900000
32392826.974501 4865688.094610 -477.830994 0.900000
32392826.794971 4865676.983425 -478.182007 0.900000
32392826.435913 4865654.761057 -478.161987 0.900000
32392826.256384 4865643.649872 -476.678009 0.900000
32392825.897327 4865621.427505 -475.980988 0.900000
32392825.717799 4865610.316321 -471.703003 0.900000
32392825.538271 4865599.205138 -464.042999 0.900000
32392825.179217 4865576.982771 -464.095001 0.900000
32392824.999690 4865565.871588 -463.433990 0.900000
32392863.587946 4865965.355278 -553.656998 0.900000
32392863.228978 4865943.132900 -553.787003 0.900000
32392863.049494 4865932.021711 -549.972000 0.900000
32392862.690528 4865909.799333 -542.125000 0.900000
32392862.511045 4865898.688145 -541.898987 0.900000
32392862.152081 4865876.465769 -541.582001 0.900000
32392861.972599 4865865.354581 -538.841003 0.900000
32392861.793118 4865854.243394 -530.494995 0.900000
32392861.434156 4865832.021019 -523.691010 0.900000
32392861.254676 4865820.909832 -523.809998 0.900000
32392860.895716 4865798.687458 -521.186005 0.900000
32392860.716237 4865787.576272 -516.903992 0.900000
32392860.357279 4865765.353899 -504.489014 0.900000
32392860.177800 4865754.242713 -498.998993 0.900000
32392859.818845 4865732.020342 -498.945007 0.900000
32392859.639367 4865720.909157 -499.015015 0.900000
32392859.459890 4865709.797972 -498.847992 0.900000
32392859.100937 4865687.575602 -487.786987 0.900000
32392858.921461 4865676.464417 -480.291992 0.900000
32392858.562509 4865654.242048 -479.286011 0.900000
32392858.383034 4865643.130864 -478.761993 0.900000
32392858.024085 4865620.908497 -478.746002 0.900000
32392857.844611 4865609.797313 -473.963989 0.900000
32392857.665137 4865598.686130 -465.427002 0.900000
32392857.306190 4865576.463764 -464.125000 0.900000
32392857.126718 4865565.352581 -463.673004 0.900000
32392895.713036 4865964.836423 -553.194000 0.900000
32392895.354175 4865942.614045 -553.404999 0.900000
32392895.174745 4865931.502856 -551.382996 0.900000
32392894.815886 4865909.280479 -541.174988 0.900000
32392894.636458 4865898.169291 -542.131989 0.900000
32392894.277601 4865875.946915 -541.746002 0.900000
32392894.098173 4865864.835727 -541.697998 0.900000
32392893.918746 4865853.724540 -541.519989 0.900000
32392893.559891 4865831.502165 -532.953003 0.900000
32392893.380465 4865820.390978 -527.039001 0.900000
32392893.021613 4865798.168605 -522.161011 0.900000
32392892.842187 4865787.057419 -521.903015 0.900000
32392892.483337 4865764.835046 -518.578003 0.900000
32392892.303912 4865753.723860 -510.317993 0.900000
32392891.945064 4865731.501489 -499.894989 0.900000
32392891.765641 4865720.390304 -500.096985 0.900000
32392891.586217 4865709.279119 -499.816010 0.900000
32392891.227372 4865687.056749 -496.566010 0.900000
32392891.047950 4865675.945564 -487.824005 0.900000
32392890.689106 4865653.723196 -480.035004 0.900000
32392890.509685 4865642.612012 -479.894012 0.900000
32392890.150843 4865620.389644 -479.516998 0.900000
32392889.971423 4865609.278461 -473.200012 0.900000
32392889.792003 4865598.167278 -465.195007 0.900000
32392889.433164 4865575.944912 -464.268005 0.900000
32392889.253745 4865564.833729 -464.355011 0.900000
32392927.838125 4865964.317725 -553.809998 0.900000
32392927.479372 4865942.095347 -553.695999 0.900000
32392927.299996 4865930.984158 -553.628998 0.900000
32392926.941245 4865908.761781 -551.061996 0.900000
32392926.761870 4865897.650593 -550.697006 0.900000
32392926.403121 4865875.428217 -548.429001 0.900000
32392926.223747 4865864.317029 -547.026001 0.900000
32392926.044373 4865853.205842 -544.839996 0.900000
32392925.685626 4865830.983467 -542.746002 0.900000
32392925.506254 4865819.872280 -536.557007 0.900000
32392925.147509 4865797.649907 -521.493988 0.900000
32392924.968138 4865786.538721 -520.976013 0.900000
32392924.609395 4865764.316349 -519.931000 0.900000
32392924.430024 4865753.205163 -514.846008 0.900000
32392924.071284 4865730.982792 -500.002014 0.900000
32392923.891914 4865719.871607 -500.403992 0.900000
32392923.712545 4865708.760422 -500.019989 0.900000
32392923.353807 4865686.538052 -498.214996 0.900000
32392923.174438 4865675.426867 -492.917999 0.900000
32392922.815702 4865653.204499 -480.247009 0.900000
32392922.636335 4865642.093315 -480.328003 0.900000
32392922.277601 4865619.870948 -479.437012 0.900000
32392922.098235 4865608.759764 -478.562012 0.900000
32392921.918868 4865597.648581 -471.832001 0.900000
32392921.560137 4865575.426215 -464.079987 0.900000
32392921.380772 4865564.315033 -463.963989 0.900000
32392959.963213 4865963.799181 -554.141998 0.900000
32392959.604568 4865941.576804 -555.035995 0.900000
32392959.425246 4865930.465615 -554.947006 0.900000
32392959.066603 4865908.243238 -555.076004 0.900000
32392958.887281 4865897.132050 -553.514008 0.900000
32392958.528640 4865874.909674 -549.205994 0.900000
32392958.349320 4865863.798487 -549.065002 0.900000
32392958.170000 4865852.687299 -545.067001 0.900000
32392957.811361 4865830.464925 -535.634003 0.900000
32392957.632042 4865819.353738 -530.864014 0.900000
32392957.273406 4865797.131365 -531.049988 0.900000
32392957.094088 4865786.020179 -526.915985 0.900000
32392956.735453 4865763.797807 -520.925995 0.900000
32392956.556136 4865752.686621 -519.795013 0.900000
32392956.197503 4865730.464250 -506.804993 0.900000
32392956.018187 4865719.353065 -499.502991 0.900000
32392955.838872 4865708.241880 -500.739014 0.900000
32392955.480241 4865686.019511 -499.582001 0.900000
32392955.300927 4865674.908326 -493.997009 0.900000
32392954.942299 4865652.685958 -480.933990 0.900000
32392954.762985 4865641.574774 -481.061005 0.900000
32392954.404359 4865619.352407 -479.259003 0.900000
32392954.225046 4865608.241223 -480.506012 0.900000
32392954.045734 4865597.130040 -479.765015 0.900000
32392953.687110 4865574.907675 -478.412994 0.900000
32392953.507799 4865563.796492 -474.591003 0.900000
32392992.088302 4865963.280794 -560.460007 0.900000
32392991.729764 4865941.058416 -556.503998 0.900000
32392991.550496 4865929.947228 -555.242004 0.900000
32392991.191960 4865907.724851 -555.195007 0.900000
32392991.012693 4865896.613663 -555.139999 0.900000
32392990.654159 4865874.391287 -552.526001 0.900000
32392990.474893 4865863.280100 -551.964005 0.900000
32392990.295627 4865852.168912 -548.074997 0.900000
32392989.937096 4865829.946538 -539.932007 0.900000
32392989.757831 4865818.835352 -536.799011 0.900000
32392989.399302 4865796.612979 -531.523987 0.900000
32392989.220038 4865785.501792 -529.868988 0.900000
32392988.861511 4865763.279421 -521.584015 0.900000
32392988.682248 4865752.168235 -521.714996 0.900000
32392988.323722 4865729.945864 -514.540985 0.900000
32392988.144460 4865718.834679 -505.697998 0.900000
32392987.965199 4865707.723494 -500.953003 0.900000
32392987.606676 4865685.501125 -500.618011 0.900000
32392987.427415 4865674.389940 -497.102997 0.900000
32392987.068895 4865652.167572 -480.854004 0.900000
32392986.889635 4865641.056388 -481.704010 0.900000
32392986.531116 4865618.834021 -480.359009 0.900000
32392986.351857 4865607.722838 -480.925995 0.900000
32392986.172599 4865596.611655 -480.475006 0.900000
32392985.814083 4865574.389290 -480.162994 0.900000
32392985.634826 4865563.278107 -480.924988 0.900000
32393024.213390 4865962.762562 -560.806000 0.900000
32393023.854960 4865940.540184 -556.940002 0.900000
32393023.675746 4865929.428996 -555.537994 0.900000
32393023.317318 4865907.206619 -555.778000 0.900000
32393023.138104 4865896.095431 -555.688995 0.900000
32393022.779678 4865873.873056 -554.449005 0.900000
32393022.600466 4865862.761869 -553.951004 0.900000
32393022.421254 4865851.650681 -553.225006 0.900000
32393022.062830 4865829.428307 -541.812988 0.900000
32393021.883619 4865818.317121 -536.786987 0.900000
32393021.525198 4865796.094748 -530.661987 0.900000
32393021.345987 4865784.983562 -531.170990 0.900000
32393020.987568 4865762.761190 -521.230988 0.900000
32393020.808359 4865751.650004 -521.936005 0.900000
32393020.449941 4865729.427634 -519.600006 0.900000
32393020.270733 4865718.316449 -512.050995 0.900000
32393020.091525 4865707.205264 -502.640015 0.900000
32393019.733110 4865684.982895 -500.983002 0.900000
32393019.553903 4865673.871710 -499.200012 0.900000
32393019.195490 4865651.649342 -483.122986 0.900000
32393019.016284 4865640.538159 -482.395996 0.900000
32393018.657874 4865618.315792 -480.842011 0.900000
32393018.478669 4865607.204609 -481.997009 0.900000
32393018.299464 4865596.093426 -480.334991 0.900000
32393017.941056 4865573.871060 -481.006989 0.900000
32393017.761852 4865562.759878 -481.119995 0.900000
32393056.338478 4865962.244486 -560.785995 0.900000
32393055.980156 4865940.022108 -558.882996 0.900000
32393055.800995 4865928.910920 -555.526001 0.900000
32393055.442675 4865906.688544 -555.565994 0.900000
32393055.263516 4865895.577356 -555.457001 0.900000
32393054.905197 4865873.354980 -551.852005 0.900000
32393054.726039 4865862.243793 -551.996994 0.900000
32393054.546880 4865851.132606 -551.576004 0.900000
32393054.188564 4865828.910232 -547.110992 0.900000
32393054.009407 4865817.799045 -539.911011 0.900000
32393053.651093 4865795.576673 -532.880005 0.900000
32393053.471937 4865784.465487 -530.412994 0.900000
32393053.113625 4865762.243115 -528.759003 0.900000
32393052.934470 4865751.131930 -520.661987 0.900000
32393052.576160 4865728.909559 -521.295990 0.900000
32393052.397006 4865717.798374 -516.338013 0.900000
32393052.217852 4865706.687189 -507.622986 0.900000
32393051.859544 4865684.464820 -501.098999 0.900000
32393051.680391 4865673.353636 -499.496002 0.900000
32393051.322086 4865651.131268 -484.471008 0.900000
32393051.142934 4865640.020085 -482.865997 0.900000
32393050.784631 4865617.797718 -481.653992 0.900000
32393050.605480 4865606.686535 -482.627991 0.900000
32393050.426329 4865595.575352 -482.130005 0.900000
32393050.068028 4865573.352986 -481.134003 0.900000
32393049.888878 4865562.241804 -481.420013 0.900000
32392261.242487 4865975.112621 -658.529999 1.000000
32392260.881499 4865952.890240 -659.130005 1.000000
32392260.701006 4865941.779050 -659.830002 1.000000
32392260.340021 4865919.556670 -660.026993 1.000000
32392260.159529 4865908.445481 -658.059006 1.000000
32392259.798545 4865886.223102 -651.904007 1.000000
32392259.618054 4865875.111913 -643.075012 1.000000
32392259.437563 4865864.000724 -640.683990 1.000000
32392259.076583 4865841.778346 -639.063995 1.000000
32392258.896093 4865830.667158 -635.005005 1.000000
32392258.535114 4865808.444782 -626.621002 1.000000
32392258.354625 4865797.333594 -626.321014 1.000000
32392257.993649 4865775.111219 -626.226990 1.000000
32392257.813161 4865764.000032 -624.154999 1.000000
32392257.452186 4865741.777658 -609.769989 1.000000
32392257.271699 4865730.666471 -603.640991 1.000000
32392257.091213 4865719.555284 -604.859985 1.000000
32392256.730240 4865697.332912 -604.635010 1.000000
32392256.549755 4865686.221726 -604.290985 1.000000
32392256.188785 4865663.999355 -603.748993 1.000000
32392256.008300 4865652.888169 -603.869995 1.000000
32392255.647332 4865630.665799 -600.196991 1.000000
32392255.466848 4865619.554614 -597.971008 1.000000
32392255.286365 4865608.443429 -594.769989 1.000000
32392254.925400 4865586.221060 -593.562012 1.000000
32392254.744917 4865575.109876 -592.803009 1.000000
32392293.367580 4865974.590848 -658.904999 1.000000
32392293.006700 4865952.368467 -659.776993 1.000000
32392292.826261 4865941.257277 -660.113998 1.000000
32392292.465383 4865919.034897 -658.149994 1.000000
32392292.284945 4865907.923708 -658.020004 1.000000
32392291.924069 4865885.701329 -640.968994 1.000000
32392291.743632 4865874.590140 -641.001007 1.000000
32392291.563195 4865863.478951 -640.687012 1.000000
32392291.202322 4865841.256574 -629.709015 1.000000
32392291.021886 4865830.145386 -626.466003 1.000000
32392290.661015 4865807.923010 -626.148987 1.000000
32392290.480580 4865796.811822 -625.997009 1.000000
32392290.119711 4865774.589447 -619.153015 1.000000
32392289.939277 4865763.478260 -612.485992 1.000000
32392289.578410 4865741.255886 -603.035004 1.000000
32392289.397977 4865730.144699 -603.022003 1.000000
32392289.217544 4865719.033513 -602.963989 1.000000
32392288.856679 4865696.811141 -602.807007 1.000000
32392288.676248 4865685.699955 -602.049011 1.000000
32392288.315385 4865663.477583 -594.187012 1.000000
32392288.134954 4865652.366398 -589.550995 1.000000
32392287.774094 4865630.144028 -582.027008 1.000000
32392287.593664 4865619.032843 -581.989990 1.000000
32392287.413235 4865607.921658 -581.958008 1.000000
32392287.052377 4865585.699290 -582.036011 1.000000
32392286.871949 4865574.588106 -582.247986 1.000000
32392325.492672 4865974.069231 -659.143005 1.000000
32392325.131901 4865951.846850 -659.850998 1.000000
32392324.951515 4865940.735660 -660.225998 1.000000
32392324.590745 4865918.513280 -658.115005 1.000000
32392324.410361 4865907.402091 -652.985992 1.000000
32392324.049593 4865885.179712 -641.263000 1.000000
32392323.869209 4865874.068523 -640.964996 1.000000
32392323.688826 4865862.957335 -639.348999 1.000000
32392323.328061 4865840.734958 -626.272003 1.000000
32392323.147678 4865829.623769 -626.703003 1.000000
32392322.786915 4865807.401393 -625.183014 1.000000
32392322.606534 4865796.290206 -620.334991 1.000000
32392322.245773 4865774.067831 -605.989990 1.000000
32392322.065392 4865762.956644 -602.558990 1.000000
32392321.704633 4865740.734270 -601.575989 1.000000
32392321.524254 4865729.623083 -601.226990 1.000000
32392321.343875 4865718.511897 -601.203003 1.000000
32392320.983118 4865696.289525 -596.792999 1.000000
32392320.802740 4865685.178339 -589.977997 1.000000
32392320.441985 4865662.955968 -581.936005 1.000000
32392320.261609 4865651.844783 -581.977997 1.000000
32392319.900856 4865629.622413 -582.186005 1.000000
32392319.720480 4865618.511228 -581.183014 1.000000
32392319.540104 4865607.400043 -582.006989 1.000000
32392319.179354 4865585.177675 -576.187988 1.000000
32392318.998980 4865574.066491 -574.846008 1.000000
32392357.617765 4865973.547769 -658.882996 1.000000
32392357.257101 4865951.325388 -660.212997 1.000000
32392357.076769 4865940.214198 -660.315994 1.000000
32392356.716107 4865917.991819 -655.419006 1.000000
32392356.535776 4865906.880629 -646.539001 1.000000
32392356.175116 4865884.658251 -641.268005 1.000000
32392355.994786 4865873.547062 -640.925995 1.000000
32392355.814457 4865862.435873 -639.458008 1.000000
32392355.453799 4865840.213497 -626.385010 1.000000
32392355.273471 4865829.102308 -626.309998 1.000000
32392354.912815 4865806.879933 -623.362000 1.000000
32392354.732488 4865795.768745 -615.859009 1.000000
32392354.371834 4865773.546370 -601.601013 1.000000
32392354.191508 4865762.435183 -601.476990 1.000000
32392353.830856 4865740.212810 -601.041992 1.000000
32392353.650531 4865729.101623 -599.592011 1.000000
32392353.470206 4865717.990437 -592.066986 1.000000
32392353.109557 4865695.768065 -581.911987 1.000000
32392352.929233 4865684.656879 -582.119995 1.000000
32392352.568586 4865662.434508 -582.347992 1.000000
32392352.388262 4865651.323323 -581.404999 1.000000
32392352.027617 4865629.100953 -574.750000 1.000000
32392351.847295 4865617.989768 -570.186005 1.000000
32392351.666974 4865606.878584 -563.727997 1.000000
32392351.306331 4865584.656215 -563.759003 1.000000
32392351.126010 4865573.545031 -563.665009 1.000000
32392389.742857 4865973.026463 -660.350998 1.000000
32392389.382301 4865950.804082 -660.427994 1.000000
32392389.202023 4865939.692892 -659.033997 1.000000
32392388.841469 4865917.470513 -650.733002 1.000000
32392388.661192 4865906.359324 -642.627014 1.000000
32392388.300639 4865884.136945 -641.306000 1.000000
32392388.120363 4865873.025757 -640.317993 1.000000
32392387.940088 4865861.914568 -635.138000 1.000000
32392387.579538 4865839.692191 -625.803986 1.000000
32392387.399263 4865828.581003 -625.446991 1.000000
32392387.038715 4865806.358627 -617.084991 1.000000
32392386.858442 4865795.247440 -609.057007 1.000000
32392386.497896 4865773.025065 -601.725006 1.000000
32392386.317623 4865761.913878 -601.170990 1.000000
32392385.957079 4865739.691505 -592.804993 1.000000
32392385.776808 4865728.580319 -585.502991 1.000000
32392385.596536 4865717.469132 -582.592987 1.000000
32392385.235995 4865695.246760 -582.330994 1.000000
32392385.055725 4865684.135575 -582.044006 1.000000
32392384.695185 4865661.913204 -576.979004 1.000000
32392384.514916 4865650.802019 -571.125000 1.000000
32392384.154379 4865628.579649 -563.895996 1.000000
32392383.974110 4865617.468464 -563.923004 1.000000
32392383.793843 4865606.357280 -563.911987 1.000000
32392383.433308 4865584.134912 -563.993988 1.000000
32392383.253041 4865573.023728 -564.074005 1.000000
32392421.867950 4865972.505312 -660.449997 1.000000
32392421.507501 4865950.282932 -660.541000 1.000000
32392421.327277 4865939.171742 -658.632996 1.000000
32392420.966830 4865916.949363 -647.945999 1.000000
32392420.786607 4865905.838174 -641.946991 1.000000
32392420.426162 4865883.615796 -641.928986 1.000000
32392420.245940 4865872.504607 -639.984009 1.000000
32392420.065718 4865861.393418 -633.161987 1.000000
32392419.705276 4865839.171042 -624.777008 1.000000
32392419.525055 4865828.059854 -624.915985 1.000000
32392419.164615 4865805.837478 -613.489014 1.000000
32392418.984395 4865794.726291 -606.041992 1.000000
32392418.623957 4865772.503916 -602.007996 1.000000
32392418.443738 4865761.392729 -600.181000 1.000000
32392418.083302 4865739.170356 -585.627991 1.000000
32392417.903084 4865728.059170 -583.153992 1.000000
32392417.722867 4865716.947983 -582.998993 1.000000
32392417.362433 4865694.725612 -581.556000 1.000000
32392417.182217 4865683.614426 -577.635986 1.000000
32392416.821785 4865661.392055 -563.045013 1.000000
32392416.641570 4865650.280870 -563.524994 1.000000
32392416.281140 4865628.058501 -564.002014 1.000000
32392416.100925 4865616.947316 -564.149994 1.000000
32392415.920711 4865605.836132 -564.235992 1.000000
32392415.560284 4865583.613764 -564.009003 1.000000
32392415.380071 4865572.502580 -563.895996 1.000000
32392453.993042 4865971.984317 -660.367004 1.000000
32392453.632700 4865949.761937 -660.369995 1.000000
32392453.452530 4865938.650747 -658.296997 1.000000
32392453.092191 4865916.428368 -648.404007 1.000000
32392452.912022 4865905.317179 -643.365997 1.000000
32392452.551685 4865883.094801 -641.832001 1.000000
32392452.371517 4865871.983613 -638.312012 1.000000
32392452.191349 4865860.872424 -631.475006 1.000000
32392451.831014 4865838.650048 -624.566986 1.000000
32392451.650847 4865827.538860 -624.446014 1.000000
32392451.290515 4865805.316484 -610.587006 1.000000
32392451.110349 4865794.205297 -601.442993 1.000000
32392450.750018 4865771.982923 -602.041992 1.000000
32392450.569853 4865760.871736 -600.194000 1.000000
32392450.209525 4865738.649363 -585.968994 1.000000
32392450.029361 4865727.538176 -583.096985 1.000000
32392449.849197 4865716.426990 -583.131012 1.000000
32392449.488871 4865694.204619 -582.098999 1.000000
32392449.308709 4865683.093433 -577.062988 1.000000
32392448.948384 4865660.871062 -562.821014 1.000000
32392448.768223 4865649.759877 -563.691010 1.000000
32392448.407901 4865627.537508 -563.860992 1.000000
32392448.227740 4865616.426324 -564.139008 1.000000
32392448.047580 4865605.315139 -564.000000 1.000000
32392447.687261 4865583.092771 -563.953003 1.000000
32392447.507101 4865571.981588 -563.739990 1.000000
32392478.086861 4865971.593673 -660.244003 1.000000
32392477.726600 4865949.371293 -660.194000 1.000000
32392477.546470 4865938.260104 -657.876999 1.000000
32392477.186212 4865916.037725 -647.649002 1.000000
32392477.006083 4865904.926536 -644.766006 1.000000
32392476.645827 4865882.704158 -640.061005 1.000000
32392476.465699 4865871.592969 -640.240997 1.000000
32392476.285571 4865860.481781 -634.792999 1.000000
32392475.925317 4865838.259404 -624.149994 1.000000
32392475.745191 4865827.148216 -623.997986 1.000000
32392475.384939 4865804.925841 -612.532989 1.000000
32392475.204814 4865793.814654 -603.748993 1.000000
32392474.844564 4865771.592280 -602.281006 1.000000
32392474.664439 4865760.481093 -601.834015 1.000000
32392474.304191 4865738.258720 -588.252991 1.000000
32392474.124068 4865727.147534 -582.558014 1.000000
32392473.943945 4865716.036347 -582.976013 1.000000
32392473.583699 4865693.813976 -581.683990 1.000000
32392473.403577 4865682.702790 -579.058990 1.000000
32392473.043334 4865660.480420 -562.333008 1.000000
32392472.863213 4865649.369235 -563.358002 1.000000
32392472.502971 4865627.146866 -563.898987 1.000000
32392472.322851 4865616.035681 -563.976990 1.000000
32392472.142731 4865604.924497 -563.829987 1.000000
32392471.782493 4865582.702129 -563.321014 1.000000
32392471.602374 4865571.590946 -563.359985 1.000000
32392510.211952 4865971.072951 -659.707001 1.000000
32392509.851799 4865948.850571 -659.904999 1.000000
32392509.671723 4865937.739381 -658.095993 1.000000
32392509.311573 4865915.517003 -647.399002 1.000000
32392509.131498 4865904.405814 -646.871994 1.000000
32392508.771349 4865882.183436 -639.812988 1.000000
32392508.591275 4865871.072247 -640.024994 1.000000
32392508.411201 4865859.961059 -633.906006 1.000000
32392508.051055 4865837.738683 -623.903992 1.000000
32392507.870983 4865826.627495 -623.773987 1.000000
32392507.510838 4865804.405120 -614.621002 1.000000
32392507.330767 4865793.293932 -606.372986 1.000000
32392506.970624 4865771.071558 -601.493988 1.000000
32392506.790554 4865759.960372 -601.278992 1.000000
32392506.430414 4865737.737999 -591.001007 1.000000
32392506.250344 4865726.626813 -582.804993 1.000000
32392506.070275 4865715.515627 -581.372986 1.000000
32392505.710137 4865693.293255 -580.489990 1.000000
32392505.530069 4865682.182070 -576.118011 1.000000
32392505.169933 4865659.959700 -561.665985 1.000000
32392504.989866 4865648.848515 -563.205994 1.000000
32392504.629732 4865626.626145 -563.549011 1.000000
32392504.449666 4865615.514961 -563.528992 1.000000
32392504.269600 4865604.403777 -563.298004 1.000000
32392503.909469 4865582.181409 -563.484985 1.000000
32392503.729404 4865571.070226 -563.346008 1.000000
32392542.337044 4865970.552384 -659.063995 1.000000
32392541.976998 4865948.330004 -659.209000 1.000000
32392541.796976 4865937.218815 -657.203003 1.000000
32392541.436933 4865914.996436 -647.921005 1.000000
32392541.256912 4865903.885247 -648.557007 1.000000
32392540.896871 4865881.662870 -639.582001 1.000000
32392540.716851 4865870.551681 -640.098999 1.000000
32392540.536831 4865859.440493 -633.502014 1.000000
32392540.176793 4865837.218117 -623.669006 1.000000
32392539.996774 4865826.106929 -623.600006 1.000000
32392539.636737 4865803.884554 -613.984985 1.000000
32392539.456720 4865792.773367 -605.239990 1.000000
32392539.096685 4865770.550993 -601.420990 1.000000
32392538.916668 4865759.439806 -601.244995 1.000000
32392538.556636 4865737.217434 -590.596008 1.000000
32392538.376620 4865726.106247 -582.177002 1.000000
32392538.196604 4865714.995062 -579.595001 1.000000
32392537.836574 4865692.772690 -579.963013 1.000000
32392537.656560 4865681.661505 -577.238007 1.000000
32392537.296532 4865659.439135 -562.329010 1.000000
32392537.116518 4865648.327950 -563.653015 1.000000
32392536.756492 4865626.105581 -563.803009 1.000000
32392536.576480 4865614.994397 -563.579010 1.000000
32392536.396468 4865603.883213 -563.622009 1.000000
32392536.036444 4865581.660845 -563.796997 1.000000
32392535.856433 4865570.549662 -563.632996 1.000000
32392574.462135 4865970.031973 -658.225998 1.000000
32392574.102197 4865947.809593 -658.494995 1.000000
32392573.922229 4865936.698404 -656.632996 1.000000
32392573.562294 4865914.476025 -650.487000 1.000000
32392573.382326 4865903.364836 -650.539001 1.000000
32392573.022393 4865881.142459 -638.911011 1.000000
32392572.842427 4865870.031271 -639.954010 1.000000
32392572.662461 4865858.920082 -636.347992 1.000000
32392572.302530 4865836.697706 -622.851990 1.000000
32392572.122565 4865825.586519 -622.669006 1.000000
32392571.762636 4865803.364144 -614.885986 1.000000
32392571.582672 4865792.252957 -606.596985 1.000000
32392571.222745 4865770.030583 -600.911987 1.000000
32392571.042782 4865758.919397 -600.697998 1.000000
32392570.682857 4865736.697024 -591.816986 1.000000
32392570.502895 4865725.585838 -583.214996 1.000000
32392570.322934 4865714.474652 -579.811005 1.000000
32392569.963012 4865692.252281 -580.019989 1.000000
32392569.783051 4865681.141096 -577.519012 1.000000
32392569.423131 4865658.918726 -561.941986 1.000000
32392569.243171 4865647.807541 -563.497009 1.000000
32392568.883253 4865625.585172 -563.230011 1.000000
32392568.703294 4865614.473988 -563.334015 1.000000
32392568.523336 4865603.362804 -563.575989 1.000000
32392568.163420 4865581.140436 -563.644012 1.000000
32392567.983462 4865570.029253 -563.316010 1.000000
32392606.587226 4865969.511718 -657.242996 1.000000
32392606.227396 4865947.289338 -657.526001 1.000000
32392606.047482 4865936.178149 -655.466003 1.000000
32392605.687654 4865913.955770 -652.218994 1.000000
32392605.507740 4865902.844581 -652.268997 1.000000
32392605.147915 4865880.622204 -640.463989 1.000000
32392604.968002 4865869.511016 -639.585999 1.000000
32392604.788090 4865858.399828 -637.087006 1.000000
32392604.428267 4865836.177452 -621.954010 1.000000
32392604.248356 4865825.066264 -622.131989 1.000000
32392603.888535 4865802.843890 -617.270996 1.000000
32392603.708625 4865791.732703 -608.257996 1.000000
32392603.348805 4865769.510329 -600.451996 1.000000
32392603.168896 4865758.399142 -600.118988 1.000000
32392602.809079 4865736.176770 -593.899994 1.000000
32392602.629171 4865725.065584 -585.604004 1.000000
32392602.449263 4865713.954398 -578.562012 1.000000
32392602.089448 4865691.732027 -579.699005 1.000000
32392601.909542 4865680.620842 -574.937012 1.000000
32392601.549729 4865658.398472 -562.420013 1.000000
32392601.369823 4865647.287288 -564.278992 1.000000
32392601.010013 4865625.064919 -564.175995 1.000000
32392600.830108 4865613.953735 -563.783997 1.000000
32392600.650203 4865602.842551 -563.382996 1.000000
32392600.290395 4865580.620183 -563.717011 1.000000
32392600.110492 4865569.509000 -563.217011 1.000000
32392638.712317 4865968.991618 -656.005997 1.000000
32392638.352594 4865946.769239 -656.044006 1.000000
32392638.172734 4865935.658049 -654.723999 1.000000
32392637.813014 4865913.435671 -653.826004 1.000000
32392637.633154 4865902.324482 -654.039993 1.000000
32392637.273436 4865880.102105 -642.169006 1.000000
32392637.093578 4865868.990917 -639.385010 1.000000
32392636.913719 4865857.879729 -637.734985 1.000000
32392636.554004 4865835.657353 -621.175995 1.000000
32392636.374147 4865824.546165 -621.871002 1.000000
32392636.014433 4865802.323791 -618.032013 1.000000
32392635.834577 4865791.212604 -608.829987 1.000000
32392635.474865 4865768.990230 -600.071991 1.000000
32392635.295010 4865757.879044 -599.951996 1.000000
32392634.935300 4865735.656672 -593.872009 1.000000
32392634.755446 4865724.545486 -585.470001 1.000000
32392634.575592 4865713.434300 -578.031006 1.000000
32392634.215885 4865691.211929 -579.066986 1.000000
32392634.036032 4865680.100744 -573.510010 1.000000
32392633.676327 4865657.878374 -564.795013 1.000000
32392633.496475 4865646.767190 -565.174011 1.000000
32392633.136772 4865624.544821 -565.559998 1.000000
32392632.956921 4865613.433637 -563.579987 1.000000
32392632.777071 4865602.322453 -563.250000 1.000000
32392632.417370 4865580.100086 -563.737000 1.000000
32392632.237521 4865568.988903 -563.001007 1.000000
32392670.837407 4865968.471674 -654.449997 1.000000
32392670.477793 4865946.249295 -654.492004 1.000000
32392670.297986 4865935.138105 -654.434998 1.000000
32392669.938374 4865912.915727 -652.964005 1.000000
32392669.758568 4865901.804538 -654.990005 1.000000
32392669.398957 4865879.582161 -644.272003 1.000000
32392669.219153 4865868.470973 -639.380005 1.000000
32392669.039348 4865857.359785 -638.842987 1.000000
32392668.679741 4865835.137410 -623.020996 1.000000
32392668.499937 4865824.026222 -621.644989 1.000000
32392668.140331 4865801.803848 -615.618011 1.000000
32392667.960529 4865790.692661 -607.212006 1.000000
32392667.600925 4865768.470288 -599.704010 1.000000
32392667.421124 4865757.359101 -599.515015 1.000000
32392667.061522 4865735.136729 -594.412994 1.000000
32392666.881721 4865724.025543 -586.354004 1.000000
32392666.701921 4865712.914358 -577.416992 1.000000
32392666.342322 4865690.691987 -578.757996 1.000000
32392666.162523 4865679.580802 -578.697998 1.000000
32392665.802925 4865657.358432 -566.002014 1.000000
32392665.623127 4865646.247248 -566.561005 1.000000
32392665.263532 4865624.024879 -566.705994 1.000000
32392665.083735 4865612.913695 -562.572998 1.000000
32392664.903938 4865601.802512 -563.341003 1.000000
32392664.544345 4865579.580145 -563.782989 1.000000
32392664.364549 4865568.468961 -563.446991 1.000000
32392702.962498 4865967.951885 -652.384003 1.000000
32392702.602991 4865945.729506 -653.975006 1.000000
32392702.423238 4865934.618317 -654.054993 1.000000
32392702.063733 4865912.395939 -654.261002 1.000000
32392701.883981 4865901.284750 -653.667999 1.000000
32392701.524479 4865879.062374 -642.148010 1.000000
32392701.344728 4865867.951185 -640.561005 1.000000
32392701.164977 4865856.839997 -638.463013 1.000000
32392700.805477 4865834.617622 -621.845001 1.000000
32392700.625727 4865823.506435 -621.747986 1.000000
32392700.266229 4865801.284060 -616.914001 1.000000
32392700.086481 4865790.172874 -608.026001 1.000000
32392699.726984 4865767.950500 -599.445007 1.000000
32392699.547237 4865756.839314 -599.480988 1.000000
32392699.187743 4865734.616942 -588.338989 1.000000
32392699.007996 4865723.505756 -578.803009 1.000000
32392698.828250 4865712.394571 -578.096985 1.000000
32392698.468758 4865690.172200 -576.821014 1.000000
32392698.289013 4865679.061015 -578.707001 1.000000
32392697.929523 4865656.838646 -567.472992 1.000000
32392697.749779 4865645.727461 -567.795013 1.000000
32392697.390291 4865623.505093 -568.041992 1.000000
32392697.210548 4865612.393909 -566.118011 1.000000
32392697.030805 4865601.282725 -563.174988 1.000000
32392696.671320 4865579.060359 -563.763000 1.000000
32392696.491578 4865567.949175 -563.787994 1.000000
32392735.087588 4865967.432253 -654.524994 1.000000
32392734.728189 4865945.209874 -654.248001 1.000000
32392734.548490 4865934.098684 -654.091003 1.000000
32392734.189093 4865911.876307 -654.065994 1.000000
32392734.009395 4865900.765118 -652.567993 1.000000
32392733.649999 4865878.542741 -641.266998 1.000000
32392733.470302 4865867.431553 -641.498993 1.000000
32392733.290606 4865856.320365 -636.279999 1.000000
32392732.931213 4865834.097990 -622.023987 1.000000
32392732.751518 4865822.986803 -622.131012 1.000000
32392732.392127 4865800.764429 -615.466003 1.000000
32392732.212432 4865789.653242 -606.691010 1.000000
32392731.853044 4865767.430869 -598.852997 1.000000
32392731.673350 4865756.319683 -598.899994 1.000000
32392731.313963 4865734.097311 -586.545013 1.000000
32392731.134271 4865722.986125 -577.993988 1.000000
32392730.954578 4865711.874940 -578.113007 1.000000
32392730.595194 4865689.652569 -577.748993 1.000000
32392730.415503 4865678.541384 -578.039001 1.000000
32392730.056121 4865656.319015 -568.199005 1.000000
32392729.876430 4865645.207831 -569.220001 1.000000
32392729.517050 4865622.985462 -569.881989 1.000000
32392729.337361 4865611.874279 -568.351013 1.000000
32392729.157672 4865600.763095 -561.920013 1.000000
32392728.798294 4865578.540728 -564.114990 1.000000
32392728.618606 4865567.429545 -563.553009 1.000000
32392767.212678 4865966.912775 -655.707993 1.000000
32392766.853386 4865944.690397 -654.072998 1.000000
32392766.673741 4865933.579207 -653.865997 1.000000
32392766.314452 4865911.356830 -653.841995 1.000000
32392766.134808 4865900.245641 -651.276001 1.000000
32392765.775520 4865878.023265 -641.408997 1.000000
32392765.595877 4865866.912077 -639.399994 1.000000
32392765.416234 4865855.800889 -631.234985 1.000000
32392765.056949 4865833.578514 -622.579987 1.000000
32392764.877307 4865822.467327 -622.627014 1.000000
32392764.518025 4865800.244953 -611.040009 1.000000
32392764.338384 4865789.133766 -602.700989 1.000000
32392763.979103 4865766.911393 -599.187988 1.000000
32392763.799463 4865755.800207 -598.932007 1.000000
32392763.440184 4865733.577835 -587.434998 1.000000
32392763.260545 4865722.466650 -578.652008 1.000000
32392763.080906 4865711.355464 -578.138000 1.000000
32392762.721630 4865689.133094 -577.260986 1.000000
32392762.541993 4865678.021909 -578.502014 1.000000
32392762.182718 4865655.799540 -569.329010 1.000000
32392762.003082 4865644.688356 -570.972992 1.000000
32392761.643809 4865622.465987 -571.391998 1.000000
32392761.464174 4865611.354804 -569.867004 1.000000
32392761.284538 4865600.243620 -562.735992 1.000000
32392760.925269 4865578.021254 -564.076996 1.000000
32392760.745634 4865566.910071 -564.164001 1.000000
32392799.337767 4865966.393454 -655.076004 1.000000
32392798.978584 4865944.171075 -653.826996 1.000000
32392798.798992 4865933.059886 -652.751999 1.000000
32392798.439811 4865910.837509 -652.322998 1.000000
32392798.260220 4865899.726320 -645.686996 1.000000
32392797.901041 4865877.503944 -641.433014 1.000000
32392797.721451 4865866.392756 -636.179993 1.000000
32392797.541862 4865855.281568 -627.105011 1.000000
32392797.182685 4865833.059193 -623.233002 1.000000
32392797.003097 4865821.948006 -622.545013 1.000000
32392796.643922 4865799.725632 -606.237000 1.000000
32392796.464335 4865788.614446 -598.959991 1.000000
32392796.105162 4865766.392073 -599.000000 1.000000
32392795.925576 4865755.280887 -598.644012 1.000000
32392795.566404 4865733.058515 -592.959015 1.000000
32392795.386819 4865721.947330 -585.217011 1.000000
32392795.207235 4865710.836144 -577.843994 1.000000
32392794.848066 4865688.613774 -577.976013 1.000000
32392794.668482 4865677.502589 -577.399994 1.000000
32392794.309316 4865655.280220 -572.147003 1.000000
32392794.129733 4865644.169036 -572.656006 1.000000
32392793.770568 4865621.946668 -573.688995 1.000000
32392793.590986 4865610.835485 -570.609009 1.000000
32392793.411405 4865599.724301 -561.848999 1.000000
32392793.052243 4865577.501935 -564.113007 1.000000
32392792.872662 4865566.390752 -563.824005 1.000000
32392831.462857 4865965.874288 -655.110992 1.000000
32392831.103781 4865943.651910 -653.740997 1.000000
32392830.924244 4865932.540721 -653.307007 1.000000
32392830.565170 4865910.318343 -646.660004 1.000000
32392830.385633 4865899.207155 -641.007996 1.000000
32392830.026561 4865876.984779 -641.273010 1.000000
32392829.847025 4865865.873591 -635.433014 1.000000
32392829.667490 4865854.762403 -626.667999 1.000000
32392829.308421 4865832.540028 -623.600006 1.000000
32392829.128887 4865821.428841 -623.437988 1.000000
32392828.769819 4865799.206467 -609.181000 1.000000
32392828.590286 4865788.095281 -601.057007 1.000000
32392828.231220 4865765.872908 -599.147003 1.000000
32392828.051688 4865754.761722 -598.907013 1.000000
32392827.692625 4865732.539351 -598.583008 1.000000
32392827.513093 4865721.428165 -596.777008 1.000000
32392827.333562 4865710.316980 -590.348999 1.000000
32392826.974501 4865688.094610 -577.830994 1.000000
32392826.794971 4865676.983425 -578.182007 1.000000
32392826.435913 4865654.761057 -578.161987 1.000000
32392826.256384 4865643.649872 -576.678009 1.000000
32392825.897327 4865621.427505 -575.980988 1.000000
32392825.717799 4865610.316321 -571.703003 1.000000
32392825.538271 4865599.205138 -564.042999 1.000000
32392825.179217 4865576.982771 -564.095001 1.000000
32392824.999690 4865565.871588 -563.433990 1.000000
32392863.587946 4865965.355278 -653.656998 1.000000
32392863.228978 4865943.132900 -653.787003 1.000000
32392863.049494 4865932.021711 -649.972000 1.000000
32392862.690528 4865909.799333 -642.125000 1.000000
32392862.511045 4865898.688145 -641.898987 1.000000
32392862.152081 4865876.465769 -641.582001 1.000000
32392861.972599 4865865.354581 -638.841003 1.000000
32392861.793118 4865854.243394 -630.494995 1.000000
32392861.434156 4865832.021019 -623.691010 1.000000
32392861.254676 4865820.909832 -623.809998 1.000000
32392860.895716 4865798.687458 -621.186005 1.000000
32392860.716237 4865787.576272 -616.903992 1.000000
32392860.357279 4865765.353899 -604.489014 1.000000
32392860.177800 4865754.242713 -598.998993 1.000000
32392859.818845 4865732.020342 -598.945007 1.000000
32392859.639367 4865720.909157 -599.015015 1.000000
32392859.459890 4865709.797972 -598.847992 1.000000
32392859.100937 4865687.575602 -587.786987 1.000000
32392858.921461 4865676.464417 -580.291992 1.000000
32392858.562509 4865654.242048 -579.286011 1.000000
32392858.383034 4865643.130864 -578.761993 1.000000
32392858.024085 4865620.908497 -578.746002 1.000000
32392857.844611 4865609.797313 -573.963989 1.000000
32392857.665137 4865598.686130 -565.427002 1.000000
32392857.306190 4865576.463764 -564.125000 1.000000
32392857.126718 4865565.352581 -563.673004 1.000000
32392895.713036 4865964.836423 -653.194000 1.000000
32392895.354175 4865942.614045 -653.404999 1.000000
32392895.174745 4865931.502856 -651.382996 1.000000
32392894.815886 4865909.280479 -641.174988 1.000000
32392894.636458 4865898.169291 -642.131989 1.000000
32392894.277601 4865875.946915 -641.746002 1.000000
32392894.098173 4865864.835727 -641.697998 1.000000
32392893.918746 4865853.724540 -641.519989 1.000000
32392893.559891 4865831.502165 -632.953003 1.000000
32392893.380465 4865820.390978 -627.039001 1.000000
32392893.021613 4865798.168605 -622.161011 1.000000
32392892.842187 4865787.057419 -621.903015 1.000000
32392892.483337 4865764.835046 -618.578003 1.000000
32392892.303912 4865753.723860 -610.317993 1.000000
32392891.945064 4865731.501489 -599.894989 1.000000
32392891.765641 4865720.390304 -600.096985 1.000000
32392891.586217 4865709.279119 -599.816010 1.000000
32392891.227372 4865687.056749 -596.566010 1.000000
32392891.047950 4865675.945564 -587.824005 1.000000
32392890.689106 4865653.723196 -580.035004 1.000000
32392890.509685 4865642.612012 -579.894012 1.000000
32392890.150843 4865620.389644 -579.516998 1.000000
32392889.971423 4865609.278461 -573.200012 1.000000
32392889.792003 4865598.167278 -565.195007 1.000000
32392889.433164 4865575.944912 -564.268005 1.000000
32392889.253745 4865564.833729 -564.355011 1.000000
32392927.838125 4865964.317725 -653.809998 1.000000
32392927.479372 4865942.095347 -653.695999 1.000000
32392927.299996 4865930.984158 -653.628998 1.000000
32392926.941245 4865908.761781 -651.061996 1.000000
32392926.761870 4865897.650593 -650.697006 1.000000
32392926.403121 4865875.428217 -648.429001 1.000000
32392926.223747 4865864.317029 -647.026001 1.000000
32392926.044373 4865853.205842 -644.839996 1.000000
32392925.685626 4865830.983467 -642.746002 1.000000
32392925.506254 4865819.872280 -636.557007 1.000000
32392925.147509 4865797.649907 -621.493988 1.000000
32392924.968138 4865786.538721 -620.976013 1.000000
32392924.609395 4865764.316349 -619.931000 1.000000
32392924.430024 4865753.205163 -614.846008 1.000000
32392924.071284 4865730.982792 -600.002014 1.000000
32392923.891914 4865719.871607 -600.403992 1.000000
32392923.712545 4865708.760422 -600.019989 1.000000
32392923.353807 4865686.538052 -598.214996 1.000000
32392923.174438 4865675.426867 -592.917999 1.000000
32392922.815702 4865653.204499 -580.247009 1.000000
32392922.636335 4865642.093315 -580.328003 1.000000
32392922.277601 4865619.870948 -579.437012 1.000000
32392922.098235 4865608.759764 -578.562012 1.000000
32392921.918868 4865597.648581 -571.832001 1.000000
32392921.560137 4865575.426215 -564.079987 1.000000
32392921.380772 4865564.315033 -563.963989 1.000000
32392959.963213 4865963.799181 -654.141998 1.000000
32392959.604568 4865941.576804 -655.035995 1.000000
32392959.425246 4865930.465615 -654.947006 1.000000
32392959.066603 4865908.243238 -655.076004 1.000000
32392958.887281 4865897.132050 -653.514008 1.000000
32392958.528640 4865874.909674 -649.205994 1.000000
32392958.349320 4865863.798487 -649.065002 1.000000
32392958.170000 4865852.687299 -645.067001 1.000000
32392957.811361 4865830.464925 -635.634003 1.000000
32392957.632042 4865819.353738 -630.864014 1.000000
32392957.273406 4865797.131365 -631.049988 1.000000
32392957.094088 4865786.020179 -626.915985 1.000000
32392956.735453 4865763.797807 -620.925995 1.000000
32392956.556136 4865752.686621 -619.795013 1.000000
32392956.197503 4865730.464250 -606.804993 1.000000
32392956.018187 4865719.353065 -599.502991 1.000000
32392955.838872 4865708.241880 -600.739014 1.000000
32392955.480241 4865686.019511 -599.582001 1.000000
32392955.300927 4865674.908326 -593.997009 1.000000
32392954.942299 4865652.685958 -580.933990 1.000000
32392954.762985 4865641.574774 -581.061005 1.000000
32392954.404359 4865619.352407 -579.259003 1.000000
32392954.225046 4865608.241223 -580.506012 1.000000
32392954.045734 4865597.130040 -579.765015 1.000000
32392953.687110 4865574.907675 -578.412994 1.000000
32392953.507799 4865563.796492 -574.591003 1.000000
32392992.088302 4865963.280794 -660.460007 1.000000
32392991.729764 4865941.058416 -656.503998 1.000000
32392991.550496 4865929.947228 -655.242004 1.000000
32392991.191960 4865907.724851 -655.195007 1.000000
32392991.012693 4865896.613663 -655.139999 1.000000
32392990.654159 4865874.391287 -652.526001 1.000000
32392990.474893 4865863.280100 -651.964005 1.000000
32392990.295627 4865852.168912 -648.074997 1.000000
32392989.937096 4865829.946538 -639.932007 1.000000
32392989.757831 4865818.835352 -636.799011 1.000000
32392989.399302 4865796.612979 -631.523987 1.000000
32392989.220038 4865785.501792 -629.868988 1.000000
32392988.861511 4865763.279421 -621.584015 1.000000
32392988.682248 4865752.168235 -621.714996 1.000000
32392988.323722 4865729.945864 -614.540985 1.000000
32392988.144460 4865718.834679 -605.697998 1.000000
32392987.965199 4865707.723494 -600.953003 1.000000
32392987.606676 4865685.501125 -600.618011 1.000000
32392987.427415 4865674.389940 -597.102997 1.000000
32392987.068895 4865652.167572 -580.854004 1.000000
32392986.889635 4865641.056388 -581.704010 1.000000
32392986.531116 4865618.834021 -580.359009 1.000000
32392986.351857 4865607.722838 -580.925995 1.000000
32392986.172599 4865596.611655 -580.475006 1.000000
32392985.814083 4865574.389290 -580.162994 1.000000
32392985.634826 4865563.278107 -580.924988 1.000000
32393024.213390 4865962.762562 -660.806000 1.000000
32393023.854960 4865940.540184 -656.940002 1.000000
32393023.675746 4865929.428996 -655.537994 1.000000
32393023.317318 4865907.206619 -655.778000 1.000000
32393023.138104 4865896.095431 -655.688995 1.000000
32393022.779678 4865873.873056 -654.449005 1.000000
32393022.600466 4865862.761869 -653.951004 1.000000
32393022.421254 4865851.650681 -653.225006 1.000000
32393022.062830 4865829.428307 -641.812988 1.000000
32393021.883619 4865818.317121 -636.786987 1.000000
32393021.525198 4865796.094748 -630.661987 1.000000
32393021.345987 4865784.983562 -631.170990 1.000000
32393020.987568 4865762.761190 -621.230988 1.000000
32393020.808359 4865751.650004 -621.936005 1.000000
32393020.449941 4865729.427634 -619.600006 1.000000
32393020.270733 4865718.316449 -612.050995 1.000000
32393020.091525 4865707.205264 -602.640015 1.000000
32393019.733110 4865684.982895 -600.983002 1.000000
32393019.553903 4865673.871710 -599.200012 1.000000
32393019.195490 4865651.649342 -583.122986 1.000000
32393019.016284 4865640.538159 -582.395996 1.000000
32393018.657874 4865618.315792 -580.842011 1.000000
32393018.478669 4865607.204609 -581.997009 1.000000
32393018.299464 4865596.093426 -580.334991 1.000000
32393017.941056 4865573.871060 -581.006989 1.000000
32393017.761852 4865562.759878 -581.119995 1.000000
32393056.338478 4865962.244486 -660.785995 1.000000
32393055.980156 4865940.022108 -658.882996 1.000000
32393055.800995 4865928.910920 -655.526001 1.000000
32393055.442675 4865906.688544 -655.565994 1.000000
32393055.263516 4865895.577356 -655.457001 1.000000
32393054.905197 4865873.354980 -651.852005 1.000000
32393054.726039 4865862.243793 -651.996994 1.000000
32393054.546880 4865851.132606 -651.576004 1.000000
32393054.188564 4865828.910232 -647.110992 1.000000
32393054.009407 4865817.799045 -639.911011 1.000000
32393053.651093 4865795.576673 -632.880005 1.000000
32393053.471937 4865784.465487 -630.412994 1.000000
32393053.113625 4865762.243115 -628.759003 1.000000
32393052.934470 4865751.131930 -620.661987 1.000000
32393052.576160 4865728.909559 -621.295990 1.000000
32393052.397006 4865717.798374 -616.338013 1.000000
32393052.217852 4865706.687189 -607.622986 1.000000
32393051.859544 4865684.464820 -601.098999 1.000000
32393051.680391 4865673.353636 -599.496002 1.000000
32393051.322086 4865651.131268 -584.471008 1.000000
32393051.142934 4865640.020085 -582.865997 1.000000
32393050.784631 4865617.797718 -581.653992 1.000000
32393050.605480 4865606.686535 -582.627991 1.000000
32393050.426329 4865595.575352 -582.130005 1.000000
32393050.068028 4865573.352986 -581.134003 1.000000
32393049.888878 4865562.241804 -581.420013 1.000000
